
AVRASM ver. 2.1.30  E:\ALL PROJECTS\AVR project\Remmember\Codevision AVR\Graphic Display(menu)\Debug\List\gl.asm Mon Aug 31 20:27:25 2026

E:\ALL PROJECTS\AVR project\Remmember\Codevision AVR\Graphic Display(menu)\Debug\List\gl.asm(1087): warning: Register r4 already defined by the .DEF directive
E:\ALL PROJECTS\AVR project\Remmember\Codevision AVR\Graphic Display(menu)\Debug\List\gl.asm(1088): warning: Register r5 already defined by the .DEF directive
E:\ALL PROJECTS\AVR project\Remmember\Codevision AVR\Graphic Display(menu)\Debug\List\gl.asm(1089): warning: Register r6 already defined by the .DEF directive
E:\ALL PROJECTS\AVR project\Remmember\Codevision AVR\Graphic Display(menu)\Debug\List\gl.asm(1090): warning: Register r7 already defined by the .DEF directive
E:\ALL PROJECTS\AVR project\Remmember\Codevision AVR\Graphic Display(menu)\Debug\List\gl.asm(1091): warning: Register r8 already defined by the .DEF directive
E:\ALL PROJECTS\AVR project\Remmember\Codevision AVR\Graphic Display(menu)\Debug\List\gl.asm(1092): warning: Register r9 already defined by the .DEF directive
E:\ALL PROJECTS\AVR project\Remmember\Codevision AVR\Graphic Display(menu)\Debug\List\gl.asm(1093): warning: Register r10 already defined by the .DEF directive
E:\ALL PROJECTS\AVR project\Remmember\Codevision AVR\Graphic Display(menu)\Debug\List\gl.asm(1094): warning: Register r11 already defined by the .DEF directive
                 
                 
                 ;CodeVisionAVR C Compiler V3.14 Advanced
                 ;(C) Copyright 1998-2014 Pavel Haiduc, HP InfoTech s.r.l.
                 ;http://www.hpinfotech.com
                 
                 ;Build configuration    : Debug
                 ;Chip type              : ATmega32A
                 ;Program type           : Application
                 ;Clock frequency        : 8.000000 MHz
                 ;Memory model           : Small
                 ;Optimize for           : Size
                 ;(s)printf features     : int, width
                 ;(s)scanf features      : int, width
                 ;External RAM size      : 0
                 ;Data Stack size        : 512 byte(s)
                 ;Heap size              : 0 byte(s)
                 ;Promote 'char' to 'int': Yes
                 ;'char' is unsigned     : Yes
                 ;8 bit enums            : Yes
                 ;Global 'const' stored in FLASH: Yes
                 ;Enhanced function parameter passing: Yes
                 ;Enhanced core instructions: On
                 ;Automatic register allocation for global variables: On
                 ;Smart register allocation: On
                 
                 	#define _MODEL_SMALL_
                 
                 	#pragma AVRPART ADMIN PART_NAME ATmega32A
                 	#pragma AVRPART MEMORY PROG_FLASH 32768
                 	#pragma AVRPART MEMORY EEPROM 1024
                 	#pragma AVRPART MEMORY INT_SRAM SIZE 2048
                 	#pragma AVRPART MEMORY INT_SRAM START_ADDR 0x60
                 
                 	#define CALL_SUPPORTED 1
                 
                 	.LISTMAC
                 	.EQU UDRE=0x5
                 	.EQU RXC=0x7
                 	.EQU USR=0xB
                 	.EQU UDR=0xC
                 	.EQU SPSR=0xE
                 	.EQU SPDR=0xF
                 	.EQU EERE=0x0
                 	.EQU EEWE=0x1
                 	.EQU EEMWE=0x2
                 	.EQU EECR=0x1C
                 	.EQU EEDR=0x1D
                 	.EQU EEARL=0x1E
                 	.EQU EEARH=0x1F
                 	.EQU WDTCR=0x21
                 	.EQU MCUCR=0x35
                 	.EQU SPL=0x3D
                 	.EQU SPH=0x3E
                 	.EQU SREG=0x3F
                 
                 	.DEF R0X0=R0
                 	.DEF R0X1=R1
                 	.DEF R0X2=R2
                 	.DEF R0X3=R3
                 	.DEF R0X4=R4
                 	.DEF R0X5=R5
                 	.DEF R0X6=R6
                 	.DEF R0X7=R7
                 	.DEF R0X8=R8
                 	.DEF R0X9=R9
                 	.DEF R0XA=R10
                 	.DEF R0XB=R11
                 	.DEF R0XC=R12
                 	.DEF R0XD=R13
                 	.DEF R0XE=R14
                 	.DEF R0XF=R15
                 	.DEF R0X10=R16
                 	.DEF R0X11=R17
                 	.DEF R0X12=R18
                 	.DEF R0X13=R19
                 	.DEF R0X14=R20
                 	.DEF R0X15=R21
                 	.DEF R0X16=R22
                 	.DEF R0X17=R23
                 	.DEF R0X18=R24
                 	.DEF R0X19=R25
                 	.DEF R0X1A=R26
                 	.DEF R0X1B=R27
                 	.DEF R0X1C=R28
                 	.DEF R0X1D=R29
                 	.DEF R0X1E=R30
                 	.DEF R0X1F=R31
                 
                 	.EQU __SRAM_START=0x0060
                 	.EQU __SRAM_END=0x085F
                 	.EQU __DSTACK_SIZE=0x0200
                 	.EQU __HEAP_SIZE=0x0000
                 	.EQU __CLEAR_SRAM_SIZE=__SRAM_END-__SRAM_START+1
                 
                 	.MACRO __CPD1N
                 	CPI  R30,LOW(@0)
                 	LDI  R26,HIGH(@0)
                 	CPC  R31,R26
                 	LDI  R26,BYTE3(@0)
                 	CPC  R22,R26
                 	LDI  R26,BYTE4(@0)
                 	CPC  R23,R26
                 	.ENDM
                 
                 	.MACRO __CPD2N
                 	CPI  R26,LOW(@0)
                 	LDI  R30,HIGH(@0)
                 	CPC  R27,R30
                 	LDI  R30,BYTE3(@0)
                 	CPC  R24,R30
                 	LDI  R30,BYTE4(@0)
                 	CPC  R25,R30
                 	.ENDM
                 
                 	.MACRO __CPWRR
                 	CP   R@0,R@2
                 	CPC  R@1,R@3
                 	.ENDM
                 
                 	.MACRO __CPWRN
                 	CPI  R@0,LOW(@2)
                 	LDI  R30,HIGH(@2)
                 	CPC  R@1,R30
                 	.ENDM
                 
                 	.MACRO __ADDB1MN
                 	SUBI R30,LOW(-@0-(@1))
                 	.ENDM
                 
                 	.MACRO __ADDB2MN
                 	SUBI R26,LOW(-@0-(@1))
                 	.ENDM
                 
                 	.MACRO __ADDW1MN
                 	SUBI R30,LOW(-@0-(@1))
                 	SBCI R31,HIGH(-@0-(@1))
                 	.ENDM
                 
                 	.MACRO __ADDW2MN
                 	SUBI R26,LOW(-@0-(@1))
                 	SBCI R27,HIGH(-@0-(@1))
                 	.ENDM
                 
                 	.MACRO __ADDW1FN
                 	SUBI R30,LOW(-2*@0-(@1))
                 	SBCI R31,HIGH(-2*@0-(@1))
                 	.ENDM
                 
                 	.MACRO __ADDD1FN
                 	SUBI R30,LOW(-2*@0-(@1))
                 	SBCI R31,HIGH(-2*@0-(@1))
                 	SBCI R22,BYTE3(-2*@0-(@1))
                 	.ENDM
                 
                 	.MACRO __ADDD1N
                 	SUBI R30,LOW(-@0)
                 	SBCI R31,HIGH(-@0)
                 	SBCI R22,BYTE3(-@0)
                 	SBCI R23,BYTE4(-@0)
                 	.ENDM
                 
                 	.MACRO __ADDD2N
                 	SUBI R26,LOW(-@0)
                 	SBCI R27,HIGH(-@0)
                 	SBCI R24,BYTE3(-@0)
                 	SBCI R25,BYTE4(-@0)
                 	.ENDM
                 
                 	.MACRO __SUBD1N
                 	SUBI R30,LOW(@0)
                 	SBCI R31,HIGH(@0)
                 	SBCI R22,BYTE3(@0)
                 	SBCI R23,BYTE4(@0)
                 	.ENDM
                 
                 	.MACRO __SUBD2N
                 	SUBI R26,LOW(@0)
                 	SBCI R27,HIGH(@0)
                 	SBCI R24,BYTE3(@0)
                 	SBCI R25,BYTE4(@0)
                 	.ENDM
                 
                 	.MACRO __ANDBMNN
                 	LDS  R30,@0+(@1)
                 	ANDI R30,LOW(@2)
                 	STS  @0+(@1),R30
                 	.ENDM
                 
                 	.MACRO __ANDWMNN
                 	LDS  R30,@0+(@1)
                 	ANDI R30,LOW(@2)
                 	STS  @0+(@1),R30
                 	LDS  R30,@0+(@1)+1
                 	ANDI R30,HIGH(@2)
                 	STS  @0+(@1)+1,R30
                 	.ENDM
                 
                 	.MACRO __ANDD1N
                 	ANDI R30,LOW(@0)
                 	ANDI R31,HIGH(@0)
                 	ANDI R22,BYTE3(@0)
                 	ANDI R23,BYTE4(@0)
                 	.ENDM
                 
                 	.MACRO __ANDD2N
                 	ANDI R26,LOW(@0)
                 	ANDI R27,HIGH(@0)
                 	ANDI R24,BYTE3(@0)
                 	ANDI R25,BYTE4(@0)
                 	.ENDM
                 
                 	.MACRO __ORBMNN
                 	LDS  R30,@0+(@1)
                 	ORI  R30,LOW(@2)
                 	STS  @0+(@1),R30
                 	.ENDM
                 
                 	.MACRO __ORWMNN
                 	LDS  R30,@0+(@1)
                 	ORI  R30,LOW(@2)
                 	STS  @0+(@1),R30
                 	LDS  R30,@0+(@1)+1
                 	ORI  R30,HIGH(@2)
                 	STS  @0+(@1)+1,R30
                 	.ENDM
                 
                 	.MACRO __ORD1N
                 	ORI  R30,LOW(@0)
                 	ORI  R31,HIGH(@0)
                 	ORI  R22,BYTE3(@0)
                 	ORI  R23,BYTE4(@0)
                 	.ENDM
                 
                 	.MACRO __ORD2N
                 	ORI  R26,LOW(@0)
                 	ORI  R27,HIGH(@0)
                 	ORI  R24,BYTE3(@0)
                 	ORI  R25,BYTE4(@0)
                 	.ENDM
                 
                 	.MACRO __DELAY_USB
                 	LDI  R24,LOW(@0)
                 __DELAY_USB_LOOP:
                 	DEC  R24
                 	BRNE __DELAY_USB_LOOP
                 	.ENDM
                 
                 	.MACRO __DELAY_USW
                 	LDI  R24,LOW(@0)
                 	LDI  R25,HIGH(@0)
                 __DELAY_USW_LOOP:
                 	SBIW R24,1
                 	BRNE __DELAY_USW_LOOP
                 	.ENDM
                 
                 	.MACRO __GETD1S
                 	LDD  R30,Y+@0
                 	LDD  R31,Y+@0+1
                 	LDD  R22,Y+@0+2
                 	LDD  R23,Y+@0+3
                 	.ENDM
                 
                 	.MACRO __GETD2S
                 	LDD  R26,Y+@0
                 	LDD  R27,Y+@0+1
                 	LDD  R24,Y+@0+2
                 	LDD  R25,Y+@0+3
                 	.ENDM
                 
                 	.MACRO __PUTD1S
                 	STD  Y+@0,R30
                 	STD  Y+@0+1,R31
                 	STD  Y+@0+2,R22
                 	STD  Y+@0+3,R23
                 	.ENDM
                 
                 	.MACRO __PUTD2S
                 	STD  Y+@0,R26
                 	STD  Y+@0+1,R27
                 	STD  Y+@0+2,R24
                 	STD  Y+@0+3,R25
                 	.ENDM
                 
                 	.MACRO __PUTDZ2
                 	STD  Z+@0,R26
                 	STD  Z+@0+1,R27
                 	STD  Z+@0+2,R24
                 	STD  Z+@0+3,R25
                 	.ENDM
                 
                 	.MACRO __CLRD1S
                 	STD  Y+@0,R30
                 	STD  Y+@0+1,R30
                 	STD  Y+@0+2,R30
                 	STD  Y+@0+3,R30
                 	.ENDM
                 
                 	.MACRO __POINTB1MN
                 	LDI  R30,LOW(@0+(@1))
                 	.ENDM
                 
                 	.MACRO __POINTW1MN
                 	LDI  R30,LOW(@0+(@1))
                 	LDI  R31,HIGH(@0+(@1))
                 	.ENDM
                 
                 	.MACRO __POINTD1M
                 	LDI  R30,LOW(@0)
                 	LDI  R31,HIGH(@0)
                 	LDI  R22,BYTE3(@0)
                 	LDI  R23,BYTE4(@0)
                 	.ENDM
                 
                 	.MACRO __POINTW1FN
                 	LDI  R30,LOW(2*@0+(@1))
                 	LDI  R31,HIGH(2*@0+(@1))
                 	.ENDM
                 
                 	.MACRO __POINTD1FN
                 	LDI  R30,LOW(2*@0+(@1))
                 	LDI  R31,HIGH(2*@0+(@1))
                 	LDI  R22,BYTE3(2*@0+(@1))
                 	LDI  R23,BYTE4(2*@0+(@1))
                 	.ENDM
                 
                 	.MACRO __POINTB2MN
                 	LDI  R26,LOW(@0+(@1))
                 	.ENDM
                 
                 	.MACRO __POINTW2MN
                 	LDI  R26,LOW(@0+(@1))
                 	LDI  R27,HIGH(@0+(@1))
                 	.ENDM
                 
                 	.MACRO __POINTW2FN
                 	LDI  R26,LOW(2*@0+(@1))
                 	LDI  R27,HIGH(2*@0+(@1))
                 	.ENDM
                 
                 	.MACRO __POINTD2FN
                 	LDI  R26,LOW(2*@0+(@1))
                 	LDI  R27,HIGH(2*@0+(@1))
                 	LDI  R24,BYTE3(2*@0+(@1))
                 	LDI  R25,BYTE4(2*@0+(@1))
                 	.ENDM
                 
                 	.MACRO __POINTBRM
                 	LDI  R@0,LOW(@1)
                 	.ENDM
                 
                 	.MACRO __POINTWRM
                 	LDI  R@0,LOW(@2)
                 	LDI  R@1,HIGH(@2)
                 	.ENDM
                 
                 	.MACRO __POINTBRMN
                 	LDI  R@0,LOW(@1+(@2))
                 	.ENDM
                 
                 	.MACRO __POINTWRMN
                 	LDI  R@0,LOW(@2+(@3))
                 	LDI  R@1,HIGH(@2+(@3))
                 	.ENDM
                 
                 	.MACRO __POINTWRFN
                 	LDI  R@0,LOW(@2*2+(@3))
                 	LDI  R@1,HIGH(@2*2+(@3))
                 	.ENDM
                 
                 	.MACRO __GETD1N
                 	LDI  R30,LOW(@0)
                 	LDI  R31,HIGH(@0)
                 	LDI  R22,BYTE3(@0)
                 	LDI  R23,BYTE4(@0)
                 	.ENDM
                 
                 	.MACRO __GETD2N
                 	LDI  R26,LOW(@0)
                 	LDI  R27,HIGH(@0)
                 	LDI  R24,BYTE3(@0)
                 	LDI  R25,BYTE4(@0)
                 	.ENDM
                 
                 	.MACRO __GETB1MN
                 	LDS  R30,@0+(@1)
                 	.ENDM
                 
                 	.MACRO __GETB1HMN
                 	LDS  R31,@0+(@1)
                 	.ENDM
                 
                 	.MACRO __GETW1MN
                 	LDS  R30,@0+(@1)
                 	LDS  R31,@0+(@1)+1
                 	.ENDM
                 
                 	.MACRO __GETD1MN
                 	LDS  R30,@0+(@1)
                 	LDS  R31,@0+(@1)+1
                 	LDS  R22,@0+(@1)+2
                 	LDS  R23,@0+(@1)+3
                 	.ENDM
                 
                 	.MACRO __GETBRMN
                 	LDS  R@0,@1+(@2)
                 	.ENDM
                 
                 	.MACRO __GETWRMN
                 	LDS  R@0,@2+(@3)
                 	LDS  R@1,@2+(@3)+1
                 	.ENDM
                 
                 	.MACRO __GETWRZ
                 	LDD  R@0,Z+@2
                 	LDD  R@1,Z+@2+1
                 	.ENDM
                 
                 	.MACRO __GETD2Z
                 	LDD  R26,Z+@0
                 	LDD  R27,Z+@0+1
                 	LDD  R24,Z+@0+2
                 	LDD  R25,Z+@0+3
                 	.ENDM
                 
                 	.MACRO __GETB2MN
                 	LDS  R26,@0+(@1)
                 	.ENDM
                 
                 	.MACRO __GETW2MN
                 	LDS  R26,@0+(@1)
                 	LDS  R27,@0+(@1)+1
                 	.ENDM
                 
                 	.MACRO __GETD2MN
                 	LDS  R26,@0+(@1)
                 	LDS  R27,@0+(@1)+1
                 	LDS  R24,@0+(@1)+2
                 	LDS  R25,@0+(@1)+3
                 	.ENDM
                 
                 	.MACRO __PUTB1MN
                 	STS  @0+(@1),R30
                 	.ENDM
                 
                 	.MACRO __PUTW1MN
                 	STS  @0+(@1),R30
                 	STS  @0+(@1)+1,R31
                 	.ENDM
                 
                 	.MACRO __PUTD1MN
                 	STS  @0+(@1),R30
                 	STS  @0+(@1)+1,R31
                 	STS  @0+(@1)+2,R22
                 	STS  @0+(@1)+3,R23
                 	.ENDM
                 
                 	.MACRO __PUTB1EN
                 	LDI  R26,LOW(@0+(@1))
                 	LDI  R27,HIGH(@0+(@1))
                 	CALL __EEPROMWRB
                 	.ENDM
                 
                 	.MACRO __PUTW1EN
                 	LDI  R26,LOW(@0+(@1))
                 	LDI  R27,HIGH(@0+(@1))
                 	CALL __EEPROMWRW
                 	.ENDM
                 
                 	.MACRO __PUTD1EN
                 	LDI  R26,LOW(@0+(@1))
                 	LDI  R27,HIGH(@0+(@1))
                 	CALL __EEPROMWRD
                 	.ENDM
                 
                 	.MACRO __PUTBR0MN
                 	STS  @0+(@1),R0
                 	.ENDM
                 
                 	.MACRO __PUTBMRN
                 	STS  @0+(@1),R@2
                 	.ENDM
                 
                 	.MACRO __PUTWMRN
                 	STS  @0+(@1),R@2
                 	STS  @0+(@1)+1,R@3
                 	.ENDM
                 
                 	.MACRO __PUTBZR
                 	STD  Z+@1,R@0
                 	.ENDM
                 
                 	.MACRO __PUTWZR
                 	STD  Z+@2,R@0
                 	STD  Z+@2+1,R@1
                 	.ENDM
                 
                 	.MACRO __GETW1R
                 	MOV  R30,R@0
                 	MOV  R31,R@1
                 	.ENDM
                 
                 	.MACRO __GETW2R
                 	MOV  R26,R@0
                 	MOV  R27,R@1
                 	.ENDM
                 
                 	.MACRO __GETWRN
                 	LDI  R@0,LOW(@2)
                 	LDI  R@1,HIGH(@2)
                 	.ENDM
                 
                 	.MACRO __PUTW1R
                 	MOV  R@0,R30
                 	MOV  R@1,R31
                 	.ENDM
                 
                 	.MACRO __PUTW2R
                 	MOV  R@0,R26
                 	MOV  R@1,R27
                 	.ENDM
                 
                 	.MACRO __ADDWRN
                 	SUBI R@0,LOW(-@2)
                 	SBCI R@1,HIGH(-@2)
                 	.ENDM
                 
                 	.MACRO __ADDWRR
                 	ADD  R@0,R@2
                 	ADC  R@1,R@3
                 	.ENDM
                 
                 	.MACRO __SUBWRN
                 	SUBI R@0,LOW(@2)
                 	SBCI R@1,HIGH(@2)
                 	.ENDM
                 
                 	.MACRO __SUBWRR
                 	SUB  R@0,R@2
                 	SBC  R@1,R@3
                 	.ENDM
                 
                 	.MACRO __ANDWRN
                 	ANDI R@0,LOW(@2)
                 	ANDI R@1,HIGH(@2)
                 	.ENDM
                 
                 	.MACRO __ANDWRR
                 	AND  R@0,R@2
                 	AND  R@1,R@3
                 	.ENDM
                 
                 	.MACRO __ORWRN
                 	ORI  R@0,LOW(@2)
                 	ORI  R@1,HIGH(@2)
                 	.ENDM
                 
                 	.MACRO __ORWRR
                 	OR   R@0,R@2
                 	OR   R@1,R@3
                 	.ENDM
                 
                 	.MACRO __EORWRR
                 	EOR  R@0,R@2
                 	EOR  R@1,R@3
                 	.ENDM
                 
                 	.MACRO __GETWRS
                 	LDD  R@0,Y+@2
                 	LDD  R@1,Y+@2+1
                 	.ENDM
                 
                 	.MACRO __PUTBSR
                 	STD  Y+@1,R@0
                 	.ENDM
                 
                 	.MACRO __PUTWSR
                 	STD  Y+@2,R@0
                 	STD  Y+@2+1,R@1
                 	.ENDM
                 
                 	.MACRO __MOVEWRR
                 	MOV  R@0,R@2
                 	MOV  R@1,R@3
                 	.ENDM
                 
                 	.MACRO __INWR
                 	IN   R@0,@2
                 	IN   R@1,@2+1
                 	.ENDM
                 
                 	.MACRO __OUTWR
                 	OUT  @2+1,R@1
                 	OUT  @2,R@0
                 	.ENDM
                 
                 	.MACRO __CALL1MN
                 	LDS  R30,@0+(@1)
                 	LDS  R31,@0+(@1)+1
                 	ICALL
                 	.ENDM
                 
                 	.MACRO __CALL1FN
                 	LDI  R30,LOW(2*@0+(@1))
                 	LDI  R31,HIGH(2*@0+(@1))
                 	CALL __GETW1PF
                 	ICALL
                 	.ENDM
                 
                 	.MACRO __CALL2EN
                 	PUSH R26
                 	PUSH R27
                 	LDI  R26,LOW(@0+(@1))
                 	LDI  R27,HIGH(@0+(@1))
                 	CALL __EEPROMRDW
                 	POP  R27
                 	POP  R26
                 	ICALL
                 	.ENDM
                 
                 	.MACRO __CALL2EX
                 	SUBI R26,LOW(-@0)
                 	SBCI R27,HIGH(-@0)
                 	CALL __EEPROMRDD
                 	ICALL
                 	.ENDM
                 
                 	.MACRO __GETW1STACK
                 	IN   R30,SPL
                 	IN   R31,SPH
                 	ADIW R30,@0+1
                 	LD   R0,Z+
                 	LD   R31,Z
                 	MOV  R30,R0
                 	.ENDM
                 
                 	.MACRO __GETD1STACK
                 	IN   R30,SPL
                 	IN   R31,SPH
                 	ADIW R30,@0+1
                 	LD   R0,Z+
                 	LD   R1,Z+
                 	LD   R22,Z
                 	MOVW R30,R0
                 	.ENDM
                 
                 	.MACRO __NBST
                 	BST  R@0,@1
                 	IN   R30,SREG
                 	LDI  R31,0x40
                 	EOR  R30,R31
                 	OUT  SREG,R30
                 	.ENDM
                 
                 
                 	.MACRO __PUTB1SN
                 	LDD  R26,Y+@0
                 	LDD  R27,Y+@0+1
                 	SUBI R26,LOW(-@1)
                 	SBCI R27,HIGH(-@1)
                 	ST   X,R30
                 	.ENDM
                 
                 	.MACRO __PUTW1SN
                 	LDD  R26,Y+@0
                 	LDD  R27,Y+@0+1
                 	SUBI R26,LOW(-@1)
                 	SBCI R27,HIGH(-@1)
                 	ST   X+,R30
                 	ST   X,R31
                 	.ENDM
                 
                 	.MACRO __PUTD1SN
                 	LDD  R26,Y+@0
                 	LDD  R27,Y+@0+1
                 	SUBI R26,LOW(-@1)
                 	SBCI R27,HIGH(-@1)
                 	CALL __PUTDP1
                 	.ENDM
                 
                 	.MACRO __PUTB1SNS
                 	LDD  R26,Y+@0
                 	LDD  R27,Y+@0+1
                 	ADIW R26,@1
                 	ST   X,R30
                 	.ENDM
                 
                 	.MACRO __PUTW1SNS
                 	LDD  R26,Y+@0
                 	LDD  R27,Y+@0+1
                 	ADIW R26,@1
                 	ST   X+,R30
                 	ST   X,R31
                 	.ENDM
                 
                 	.MACRO __PUTD1SNS
                 	LDD  R26,Y+@0
                 	LDD  R27,Y+@0+1
                 	ADIW R26,@1
                 	CALL __PUTDP1
                 	.ENDM
                 
                 	.MACRO __PUTB1PMN
                 	LDS  R26,@0
                 	LDS  R27,@0+1
                 	SUBI R26,LOW(-@1)
                 	SBCI R27,HIGH(-@1)
                 	ST   X,R30
                 	.ENDM
                 
                 	.MACRO __PUTW1PMN
                 	LDS  R26,@0
                 	LDS  R27,@0+1
                 	SUBI R26,LOW(-@1)
                 	SBCI R27,HIGH(-@1)
                 	ST   X+,R30
                 	ST   X,R31
                 	.ENDM
                 
                 	.MACRO __PUTD1PMN
                 	LDS  R26,@0
                 	LDS  R27,@0+1
                 	SUBI R26,LOW(-@1)
                 	SBCI R27,HIGH(-@1)
                 	CALL __PUTDP1
                 	.ENDM
                 
                 	.MACRO __PUTB1PMNS
                 	LDS  R26,@0
                 	LDS  R27,@0+1
                 	ADIW R26,@1
                 	ST   X,R30
                 	.ENDM
                 
                 	.MACRO __PUTW1PMNS
                 	LDS  R26,@0
                 	LDS  R27,@0+1
                 	ADIW R26,@1
                 	ST   X+,R30
                 	ST   X,R31
                 	.ENDM
                 
                 	.MACRO __PUTD1PMNS
                 	LDS  R26,@0
                 	LDS  R27,@0+1
                 	ADIW R26,@1
                 	CALL __PUTDP1
                 	.ENDM
                 
                 	.MACRO __PUTB1RN
                 	MOVW R26,R@0
                 	SUBI R26,LOW(-@1)
                 	SBCI R27,HIGH(-@1)
                 	ST   X,R30
                 	.ENDM
                 
                 	.MACRO __PUTW1RN
                 	MOVW R26,R@0
                 	SUBI R26,LOW(-@1)
                 	SBCI R27,HIGH(-@1)
                 	ST   X+,R30
                 	ST   X,R31
                 	.ENDM
                 
                 	.MACRO __PUTD1RN
                 	MOVW R26,R@0
                 	SUBI R26,LOW(-@1)
                 	SBCI R27,HIGH(-@1)
                 	CALL __PUTDP1
                 	.ENDM
                 
                 	.MACRO __PUTB1RNS
                 	MOVW R26,R@0
                 	ADIW R26,@1
                 	ST   X,R30
                 	.ENDM
                 
                 	.MACRO __PUTW1RNS
                 	MOVW R26,R@0
                 	ADIW R26,@1
                 	ST   X+,R30
                 	ST   X,R31
                 	.ENDM
                 
                 	.MACRO __PUTD1RNS
                 	MOVW R26,R@0
                 	ADIW R26,@1
                 	CALL __PUTDP1
                 	.ENDM
                 
                 	.MACRO __PUTB1RON
                 	MOV  R26,R@0
                 	MOV  R27,R@1
                 	SUBI R26,LOW(-@2)
                 	SBCI R27,HIGH(-@2)
                 	ST   X,R30
                 	.ENDM
                 
                 	.MACRO __PUTW1RON
                 	MOV  R26,R@0
                 	MOV  R27,R@1
                 	SUBI R26,LOW(-@2)
                 	SBCI R27,HIGH(-@2)
                 	ST   X+,R30
                 	ST   X,R31
                 	.ENDM
                 
                 	.MACRO __PUTD1RON
                 	MOV  R26,R@0
                 	MOV  R27,R@1
                 	SUBI R26,LOW(-@2)
                 	SBCI R27,HIGH(-@2)
                 	CALL __PUTDP1
                 	.ENDM
                 
                 	.MACRO __PUTB1RONS
                 	MOV  R26,R@0
                 	MOV  R27,R@1
                 	ADIW R26,@2
                 	ST   X,R30
                 	.ENDM
                 
                 	.MACRO __PUTW1RONS
                 	MOV  R26,R@0
                 	MOV  R27,R@1
                 	ADIW R26,@2
                 	ST   X+,R30
                 	ST   X,R31
                 	.ENDM
                 
                 	.MACRO __PUTD1RONS
                 	MOV  R26,R@0
                 	MOV  R27,R@1
                 	ADIW R26,@2
                 	CALL __PUTDP1
                 	.ENDM
                 
                 
                 	.MACRO __GETB1SX
                 	MOVW R30,R28
                 	SUBI R30,LOW(-@0)
                 	SBCI R31,HIGH(-@0)
                 	LD   R30,Z
                 	.ENDM
                 
                 	.MACRO __GETB1HSX
                 	MOVW R30,R28
                 	SUBI R30,LOW(-@0)
                 	SBCI R31,HIGH(-@0)
                 	LD   R31,Z
                 	.ENDM
                 
                 	.MACRO __GETW1SX
                 	MOVW R30,R28
                 	SUBI R30,LOW(-@0)
                 	SBCI R31,HIGH(-@0)
                 	LD   R0,Z+
                 	LD   R31,Z
                 	MOV  R30,R0
                 	.ENDM
                 
                 	.MACRO __GETD1SX
                 	MOVW R30,R28
                 	SUBI R30,LOW(-@0)
                 	SBCI R31,HIGH(-@0)
                 	LD   R0,Z+
                 	LD   R1,Z+
                 	LD   R22,Z+
                 	LD   R23,Z
                 	MOVW R30,R0
                 	.ENDM
                 
                 	.MACRO __GETB2SX
                 	MOVW R26,R28
                 	SUBI R26,LOW(-@0)
                 	SBCI R27,HIGH(-@0)
                 	LD   R26,X
                 	.ENDM
                 
                 	.MACRO __GETW2SX
                 	MOVW R26,R28
                 	SUBI R26,LOW(-@0)
                 	SBCI R27,HIGH(-@0)
                 	LD   R0,X+
                 	LD   R27,X
                 	MOV  R26,R0
                 	.ENDM
                 
                 	.MACRO __GETD2SX
                 	MOVW R26,R28
                 	SUBI R26,LOW(-@0)
                 	SBCI R27,HIGH(-@0)
                 	LD   R0,X+
                 	LD   R1,X+
                 	LD   R24,X+
                 	LD   R25,X
                 	MOVW R26,R0
                 	.ENDM
                 
                 	.MACRO __GETBRSX
                 	MOVW R30,R28
                 	SUBI R30,LOW(-@1)
                 	SBCI R31,HIGH(-@1)
                 	LD   R@0,Z
                 	.ENDM
                 
                 	.MACRO __GETWRSX
                 	MOVW R30,R28
                 	SUBI R30,LOW(-@2)
                 	SBCI R31,HIGH(-@2)
                 	LD   R@0,Z+
                 	LD   R@1,Z
                 	.ENDM
                 
                 	.MACRO __GETBRSX2
                 	MOVW R26,R28
                 	SUBI R26,LOW(-@1)
                 	SBCI R27,HIGH(-@1)
                 	LD   R@0,X
                 	.ENDM
                 
                 	.MACRO __GETWRSX2
                 	MOVW R26,R28
                 	SUBI R26,LOW(-@2)
                 	SBCI R27,HIGH(-@2)
                 	LD   R@0,X+
                 	LD   R@1,X
                 	.ENDM
                 
                 	.MACRO __LSLW8SX
                 	MOVW R30,R28
                 	SUBI R30,LOW(-@0)
                 	SBCI R31,HIGH(-@0)
                 	LD   R31,Z
                 	CLR  R30
                 	.ENDM
                 
                 	.MACRO __PUTB1SX
                 	MOVW R26,R28
                 	SUBI R26,LOW(-@0)
                 	SBCI R27,HIGH(-@0)
                 	ST   X,R30
                 	.ENDM
                 
                 	.MACRO __PUTW1SX
                 	MOVW R26,R28
                 	SUBI R26,LOW(-@0)
                 	SBCI R27,HIGH(-@0)
                 	ST   X+,R30
                 	ST   X,R31
                 	.ENDM
                 
                 	.MACRO __PUTD1SX
                 	MOVW R26,R28
                 	SUBI R26,LOW(-@0)
                 	SBCI R27,HIGH(-@0)
                 	ST   X+,R30
                 	ST   X+,R31
                 	ST   X+,R22
                 	ST   X,R23
                 	.ENDM
                 
                 	.MACRO __CLRW1SX
                 	MOVW R26,R28
                 	SUBI R26,LOW(-@0)
                 	SBCI R27,HIGH(-@0)
                 	ST   X+,R30
                 	ST   X,R30
                 	.ENDM
                 
                 	.MACRO __CLRD1SX
                 	MOVW R26,R28
                 	SUBI R26,LOW(-@0)
                 	SBCI R27,HIGH(-@0)
                 	ST   X+,R30
                 	ST   X+,R30
                 	ST   X+,R30
                 	ST   X,R30
                 	.ENDM
                 
                 	.MACRO __PUTB2SX
                 	MOVW R30,R28
                 	SUBI R30,LOW(-@0)
                 	SBCI R31,HIGH(-@0)
                 	ST   Z,R26
                 	.ENDM
                 
                 	.MACRO __PUTW2SX
                 	MOVW R30,R28
                 	SUBI R30,LOW(-@0)
                 	SBCI R31,HIGH(-@0)
                 	ST   Z+,R26
                 	ST   Z,R27
                 	.ENDM
                 
                 	.MACRO __PUTD2SX
                 	MOVW R30,R28
                 	SUBI R30,LOW(-@0)
                 	SBCI R31,HIGH(-@0)
                 	ST   Z+,R26
                 	ST   Z+,R27
                 	ST   Z+,R24
                 	ST   Z,R25
                 	.ENDM
                 
                 	.MACRO __PUTBSRX
                 	MOVW R30,R28
                 	SUBI R30,LOW(-@1)
                 	SBCI R31,HIGH(-@1)
                 	ST   Z,R@0
                 	.ENDM
                 
                 	.MACRO __PUTWSRX
                 	MOVW R30,R28
                 	SUBI R30,LOW(-@2)
                 	SBCI R31,HIGH(-@2)
                 	ST   Z+,R@0
                 	ST   Z,R@1
                 	.ENDM
                 
                 	.MACRO __PUTB1SNX
                 	MOVW R26,R28
                 	SUBI R26,LOW(-@0)
                 	SBCI R27,HIGH(-@0)
                 	LD   R0,X+
                 	LD   R27,X
                 	MOV  R26,R0
                 	SUBI R26,LOW(-@1)
                 	SBCI R27,HIGH(-@1)
                 	ST   X,R30
                 	.ENDM
                 
                 	.MACRO __PUTW1SNX
                 	MOVW R26,R28
                 	SUBI R26,LOW(-@0)
                 	SBCI R27,HIGH(-@0)
                 	LD   R0,X+
                 	LD   R27,X
                 	MOV  R26,R0
                 	SUBI R26,LOW(-@1)
                 	SBCI R27,HIGH(-@1)
                 	ST   X+,R30
                 	ST   X,R31
                 	.ENDM
                 
                 	.MACRO __PUTD1SNX
                 	MOVW R26,R28
                 	SUBI R26,LOW(-@0)
                 	SBCI R27,HIGH(-@0)
                 	LD   R0,X+
                 	LD   R27,X
                 	MOV  R26,R0
                 	SUBI R26,LOW(-@1)
                 	SBCI R27,HIGH(-@1)
                 	ST   X+,R30
                 	ST   X+,R31
                 	ST   X+,R22
                 	ST   X,R23
                 	.ENDM
                 
                 	.MACRO __MULBRR
                 	MULS R@0,R@1
                 	MOVW R30,R0
                 	.ENDM
                 
                 	.MACRO __MULBRRU
                 	MUL  R@0,R@1
                 	MOVW R30,R0
                 	.ENDM
                 
                 	.MACRO __MULBRR0
                 	MULS R@0,R@1
                 	.ENDM
                 
                 	.MACRO __MULBRRU0
                 	MUL  R@0,R@1
                 	.ENDM
                 
                 	.MACRO __MULBNWRU
                 	LDI  R26,@2
                 	MUL  R26,R@0
                 	MOVW R30,R0
                 	MUL  R26,R@1
                 	ADD  R31,R0
                 	.ENDM
                 
                 ;NAME DEFINITIONS FOR GLOBAL VARIABLES ALLOCATED TO REGISTERS
                 	.DEF _i=R4
                 	.DEF _i_msb=R5
                 	.DEF _d=R6
                 	.DEF _d_msb=R7
                 	.DEF _ls=R8
                 	.DEF _ls_msb=R9
                 	.DEF _devicenum=R10
                 	.DEF _devicenum_msb=R11
                 
                 	.CSEG
                 	.ORG 0x00
                 
                 ;START OF CODE MARKER
                 __START_OF_CODE:
                 
                 ;INTERRUPT VECTORS
000000 940c 053b 	JMP  __RESET
000002 940c 0676 	JMP  _ext_int0_isr
000004 940c 0000 	JMP  0x00
000006 940c 0000 	JMP  0x00
000008 940c 0000 	JMP  0x00
00000a 940c 0000 	JMP  0x00
00000c 940c 0000 	JMP  0x00
00000e 940c 0000 	JMP  0x00
000010 940c 0000 	JMP  0x00
000012 940c 0000 	JMP  0x00
000014 940c 0000 	JMP  0x00
000016 940c 0000 	JMP  0x00
000018 940c 0000 	JMP  0x00
00001a 940c 0000 	JMP  0x00
00001c 940c 0000 	JMP  0x00
00001e 940c 0000 	JMP  0x00
000020 940c 0000 	JMP  0x00
000022 940c 0000 	JMP  0x00
000024 940c 0000 	JMP  0x00
000026 940c 0000 	JMP  0x00
000028 940c 0000 	JMP  0x00
                 
                 _font5x7:
00002a 0705
00002b 6020
00002c 0000
00002d 0000      	.DB  0x5,0x7,0x20,0x60,0x0,0x0,0x0,0x0
00002e 0000
00002f 5f00
000030 0000
000031 0700      	.DB  0x0,0x0,0x0,0x5F,0x0,0x0,0x0,0x7
000032 0700
000033 1400
000034 147f
000035 147f      	.DB  0x0,0x7,0x0,0x14,0x7F,0x14,0x7F,0x14
000036 2a24
000037 2a7f
000038 2312
000039 0813      	.DB  0x24,0x2A,0x7F,0x2A,0x12,0x23,0x13,0x8
00003a 6264
00003b 4936
00003c 2255
00003d 0050      	.DB  0x64,0x62,0x36,0x49,0x55,0x22,0x50,0x0
00003e 0305
00003f 0000
000040 1c00
000041 4122      	.DB  0x5,0x3,0x0,0x0,0x0,0x1C,0x22,0x41
000042 0000
000043 2241
000044 001c
000045 2a08      	.DB  0x0,0x0,0x41,0x22,0x1C,0x0,0x8,0x2A
000046 2a1c
000047 0808
000048 3e08
000049 0808      	.DB  0x1C,0x2A,0x8,0x8,0x8,0x3E,0x8,0x8
00004a 5000
00004b 0030
00004c 0800
00004d 0808      	.DB  0x0,0x50,0x30,0x0,0x0,0x8,0x8,0x8
00004e 0808
00004f 3000
000050 0030
000051 2000      	.DB  0x8,0x8,0x0,0x30,0x30,0x0,0x0,0x20
000052 0810
000053 0204
000054 513e
000055 4549      	.DB  0x10,0x8,0x4,0x2,0x3E,0x51,0x49,0x45
000056 003e
000057 7f42
000058 0040
000059 6142      	.DB  0x3E,0x0,0x42,0x7F,0x40,0x0,0x42,0x61
00005a 4951
00005b 2146
00005c 4541
00005d 314b      	.DB  0x51,0x49,0x46,0x21,0x41,0x45,0x4B,0x31
00005e 1418
00005f 7f12
000060 2710
000061 4545      	.DB  0x18,0x14,0x12,0x7F,0x10,0x27,0x45,0x45
000062 3945
000063 4a3c
000064 4949
000065 0130      	.DB  0x45,0x39,0x3C,0x4A,0x49,0x49,0x30,0x1
000066 0971
000067 0305
000068 4936
000069 4949      	.DB  0x71,0x9,0x5,0x3,0x36,0x49,0x49,0x49
00006a 0636
00006b 4949
00006c 1e29
00006d 3600      	.DB  0x36,0x6,0x49,0x49,0x29,0x1E,0x0,0x36
00006e 0036
00006f 0000
000070 3656
000071 0000      	.DB  0x36,0x0,0x0,0x0,0x56,0x36,0x0,0x0
000072 0800
000073 2214
000074 1441
000075 1414      	.DB  0x0,0x8,0x14,0x22,0x41,0x14,0x14,0x14
000076 1414
000077 2241
000078 0814
000079 0200      	.DB  0x14,0x14,0x41,0x22,0x14,0x8,0x0,0x2
00007a 5101
00007b 0609
00007c 4932
00007d 4179      	.DB  0x1,0x51,0x9,0x6,0x32,0x49,0x79,0x41
00007e 7e3e
00007f 1111
000080 7e11
000081 497f      	.DB  0x3E,0x7E,0x11,0x11,0x11,0x7E,0x7F,0x49
000082 4949
000083 3e36
000084 4141
000085 2241      	.DB  0x49,0x49,0x36,0x3E,0x41,0x41,0x41,0x22
000086 417f
000087 2241
000088 7f1c
000089 4949      	.DB  0x7F,0x41,0x41,0x22,0x1C,0x7F,0x49,0x49
00008a 4149
00008b 097f
00008c 0109
00008d 3e01      	.DB  0x49,0x41,0x7F,0x9,0x9,0x1,0x1,0x3E
00008e 4141
00008f 3251
000090 087f
000091 0808      	.DB  0x41,0x41,0x51,0x32,0x7F,0x8,0x8,0x8
000092 007f
000093 7f41
000094 0041
000095 4020      	.DB  0x7F,0x0,0x41,0x7F,0x41,0x0,0x20,0x40
000096 3f41
000097 7f01
000098 1408
000099 4122      	.DB  0x41,0x3F,0x1,0x7F,0x8,0x14,0x22,0x41
00009a 407f
00009b 4040
00009c 7f40
00009d 0402      	.DB  0x7F,0x40,0x40,0x40,0x40,0x7F,0x2,0x4
00009e 7f02
00009f 047f
0000a0 1008
0000a1 3e7f      	.DB  0x2,0x7F,0x7F,0x4,0x8,0x10,0x7F,0x3E
0000a2 4141
0000a3 3e41
0000a4 097f
0000a5 0909      	.DB  0x41,0x41,0x41,0x3E,0x7F,0x9,0x9,0x9
0000a6 3e06
0000a7 5141
0000a8 5e21
0000a9 097f      	.DB  0x6,0x3E,0x41,0x51,0x21,0x5E,0x7F,0x9
0000aa 2919
0000ab 4646
0000ac 4949
0000ad 3149      	.DB  0x19,0x29,0x46,0x46,0x49,0x49,0x49,0x31
0000ae 0101
0000af 017f
0000b0 3f01
0000b1 4040      	.DB  0x1,0x1,0x7F,0x1,0x1,0x3F,0x40,0x40
0000b2 3f40
0000b3 201f
0000b4 2040
0000b5 7f1f      	.DB  0x40,0x3F,0x1F,0x20,0x40,0x20,0x1F,0x7F
0000b6 1820
0000b7 7f20
0000b8 1463
0000b9 1408      	.DB  0x20,0x18,0x20,0x7F,0x63,0x14,0x8,0x14
0000ba 0363
0000bb 7804
0000bc 0304
0000bd 5161      	.DB  0x63,0x3,0x4,0x78,0x4,0x3,0x61,0x51
0000be 4549
0000bf 0043
0000c0 7f00
0000c1 4141      	.DB  0x49,0x45,0x43,0x0,0x0,0x7F,0x41,0x41
0000c2 0402
0000c3 1008
0000c4 4120
0000c5 7f41      	.DB  0x2,0x4,0x8,0x10,0x20,0x41,0x41,0x7F
0000c6 0000
0000c7 0204
0000c8 0201
0000c9 4004      	.DB  0x0,0x0,0x4,0x2,0x1,0x2,0x4,0x40
0000ca 4040
0000cb 4040
0000cc 0100
0000cd 0402      	.DB  0x40,0x40,0x40,0x40,0x0,0x1,0x2,0x4
0000ce 2000
0000cf 5454
0000d0 7854
0000d1 487f      	.DB  0x0,0x20,0x54,0x54,0x54,0x78,0x7F,0x48
0000d2 4444
0000d3 3838
0000d4 4444
0000d5 2044      	.DB  0x44,0x44,0x38,0x38,0x44,0x44,0x44,0x20
0000d6 4438
0000d7 4844
0000d8 387f
0000d9 5454      	.DB  0x38,0x44,0x44,0x48,0x7F,0x38,0x54,0x54
0000da 1854
0000db 7e08
0000dc 0109
0000dd 0802      	.DB  0x54,0x18,0x8,0x7E,0x9,0x1,0x2,0x8
0000de 5414
0000df 3c54
0000e0 087f
0000e1 0404      	.DB  0x14,0x54,0x54,0x3C,0x7F,0x8,0x4,0x4
0000e2 0078
0000e3 7d44
0000e4 0040
0000e5 4020      	.DB  0x78,0x0,0x44,0x7D,0x40,0x0,0x20,0x40
0000e6 3d44
0000e7 0000
0000e8 107f
0000e9 4428      	.DB  0x44,0x3D,0x0,0x0,0x7F,0x10,0x28,0x44
0000ea 4100
0000eb 407f
0000ec 7c00
0000ed 1804      	.DB  0x0,0x41,0x7F,0x40,0x0,0x7C,0x4,0x18
0000ee 7804
0000ef 087c
0000f0 0404
0000f1 3878      	.DB  0x4,0x78,0x7C,0x8,0x4,0x4,0x78,0x38
0000f2 4444
0000f3 3844
0000f4 147c
0000f5 1414      	.DB  0x44,0x44,0x44,0x38,0x7C,0x14,0x14,0x14
0000f6 0808
0000f7 1414
0000f8 7c18
0000f9 087c      	.DB  0x8,0x8,0x14,0x14,0x18,0x7C,0x7C,0x8
0000fa 0404
0000fb 4808
0000fc 5454
0000fd 2054      	.DB  0x4,0x4,0x8,0x48,0x54,0x54,0x54,0x20
0000fe 3f04
0000ff 4044
000100 3c20
000101 4040      	.DB  0x4,0x3F,0x44,0x40,0x20,0x3C,0x40,0x40
000102 7c20
000103 201c
000104 2040
000105 3c1c      	.DB  0x20,0x7C,0x1C,0x20,0x40,0x20,0x1C,0x3C
000106 3040
000107 3c40
000108 2844
000109 2810      	.DB  0x40,0x30,0x40,0x3C,0x44,0x28,0x10,0x28
00010a 0c44
00010b 5050
00010c 3c50
00010d 6444      	.DB  0x44,0xC,0x50,0x50,0x50,0x3C,0x44,0x64
00010e 4c54
00010f 0044
000110 3608
000111 0041      	.DB  0x54,0x4C,0x44,0x0,0x8,0x36,0x41,0x0
000112 0000
000113 007f
000114 0000
000115 3641      	.DB  0x0,0x0,0x7F,0x0,0x0,0x0,0x41,0x36
000116 0008
000117 0102
000118 0402
000119 7f02      	.DB  0x8,0x0,0x2,0x1,0x2,0x4,0x2,0x7F
00011a 4141
00011b 7f41      	.DB  0x41,0x41,0x41,0x7F
                 _image:
00011c 0080
00011d 0040
00011e 0000
00011f 0000      	.DB  0x80,0x0,0x40,0x0,0x0,0x0,0x0,0x0
000120 0000
000121 0000
000122 0000
000123 0000      	.DB  0x0,0x0,0x0,0x0,0x0,0x0,0x0,0x0
000124 0000
000125 0000
000126 0000
000127 0000      	.DB  0x0,0x0,0x0,0x0,0x0,0x0,0x0,0x0
000128 0000
000129 0000
00012a 0000
00012b 0000      	.DB  0x0,0x0,0x0,0x0,0x0,0x0,0x0,0x0
00012c 0000
00012d 0000
00012e 0000
00012f 0000      	.DB  0x0,0x0,0x0,0x0,0x0,0x0,0x0,0x0
000130 0000
000131 0000
000132 0000
000133 0000      	.DB  0x0,0x0,0x0,0x0,0x0,0x0,0x0,0x0
000134 0000
000135 0000
000136 0000
000137 0000      	.DB  0x0,0x0,0x0,0x0,0x0,0x0,0x0,0x0
000138 0000
000139 0000
00013a 0000
00013b 0000      	.DB  0x0,0x0,0x0,0x0,0x0,0x0,0x0,0x0
00013c 0000
00013d 0000
00013e 0000
00013f 0000      	.DB  0x0,0x0,0x0,0x0,0x0,0x0,0x0,0x0
000140 0000
000141 0000
000142 0000
000143 0000      	.DB  0x0,0x0,0x0,0x0,0x0,0x0,0x0,0x0
000144 0000
000145 0000
000146 0000
000147 0000      	.DB  0x0,0x0,0x0,0x0,0x0,0x0,0x0,0x0
000148 0000
000149 0000
00014a 0000
00014b 0000      	.DB  0x0,0x0,0x0,0x0,0x0,0x0,0x0,0x0
00014c 0000
00014d 0000
00014e 0000
00014f 0000      	.DB  0x0,0x0,0x0,0x0,0x0,0x0,0x0,0x0
000150 0000
000151 0000
000152 0000
000153 0000      	.DB  0x0,0x0,0x0,0x0,0x0,0x0,0x0,0x0
000154 0000
000155 0000
000156 0000
000157 0000      	.DB  0x0,0x0,0x0,0x0,0x0,0x0,0x0,0x0
000158 0000
000159 0000
00015a 0000
00015b 0000      	.DB  0x0,0x0,0x0,0x0,0x0,0x0,0x0,0x0
00015c 0000
00015d 0000
00015e 0000
00015f 0000      	.DB  0x0,0x0,0x0,0x0,0x0,0x0,0x0,0x0
000160 0000
000161 0000
000162 0000
000163 0000      	.DB  0x0,0x0,0x0,0x0,0x0,0x0,0x0,0x0
000164 0000
000165 0000
000166 0000
000167 0000      	.DB  0x0,0x0,0x0,0x0,0x0,0x0,0x0,0x0
000168 0000
000169 0000
00016a 0000
00016b 0000      	.DB  0x0,0x0,0x0,0x0,0x0,0x0,0x0,0x0
00016c 0000
00016d 0000
00016e 0000
00016f 0000      	.DB  0x0,0x0,0x0,0x0,0x0,0x0,0x0,0x0
000170 0000
000171 0000
000172 0000
000173 0000      	.DB  0x0,0x0,0x0,0x0,0x0,0x0,0x0,0x0
000174 0000
000175 0000
000176 0000
000177 0000      	.DB  0x0,0x0,0x0,0x0,0x0,0x0,0x0,0x0
000178 0000
000179 0000
00017a 0000
00017b 0000      	.DB  0x0,0x0,0x0,0x0,0x0,0x0,0x0,0x0
00017c 0000
00017d 0000
00017e 0000
00017f 0000      	.DB  0x0,0x0,0x0,0x0,0x0,0x0,0x0,0x0
000180 0000
000181 0000
000182 0000
000183 0000      	.DB  0x0,0x0,0x0,0x0,0x0,0x0,0x0,0x0
000184 0000
000185 0000
000186 0000
000187 0000      	.DB  0x0,0x0,0x0,0x0,0x0,0x0,0x0,0x0
000188 0000
000189 0000
00018a 0000
00018b 0000      	.DB  0x0,0x0,0x0,0x0,0x0,0x0,0x0,0x0
00018c 0000
00018d 0000
00018e 0000
00018f 0000      	.DB  0x0,0x0,0x0,0x0,0x0,0x0,0x0,0x0
000190 0000
000191 0000
000192 0000
000193 0000      	.DB  0x0,0x0,0x0,0x0,0x0,0x0,0x0,0x0
000194 0000
000195 0000
000196 0000
000197 0000      	.DB  0x0,0x0,0x0,0x0,0x0,0x0,0x0,0x0
000198 0000
000199 0000
00019a 0000
00019b 0000      	.DB  0x0,0x0,0x0,0x0,0x0,0x0,0x0,0x0
00019c 0000
00019d 0000
00019e 0000
00019f 0000      	.DB  0x0,0x0,0x0,0x0,0x0,0x0,0x0,0x0
0001a0 0000
0001a1 0000
0001a2 0000
0001a3 0000      	.DB  0x0,0x0,0x0,0x0,0x0,0x0,0x0,0x0
0001a4 0000
0001a5 0000
0001a6 0000
0001a7 0000      	.DB  0x0,0x0,0x0,0x0,0x0,0x0,0x0,0x0
0001a8 0000
0001a9 0000
0001aa 0000
0001ab 0000      	.DB  0x0,0x0,0x0,0x0,0x0,0x0,0x0,0x0
0001ac 0000
0001ad 0000
0001ae 0000
0001af 0000      	.DB  0x0,0x0,0x0,0x0,0x0,0x0,0x0,0x0
0001b0 0000
0001b1 0000
0001b2 0000
0001b3 0000      	.DB  0x0,0x0,0x0,0x0,0x0,0x0,0x0,0x0
0001b4 0000
0001b5 0000
0001b6 0000
0001b7 0000      	.DB  0x0,0x0,0x0,0x0,0x0,0x0,0x0,0x0
0001b8 0000
0001b9 0000
0001ba 0000
0001bb 0000      	.DB  0x0,0x0,0x0,0x0,0x0,0x0,0x0,0x0
0001bc 0000
0001bd 0000
0001be 0000
0001bf 0000      	.DB  0x0,0x0,0x0,0x0,0x0,0x0,0x0,0x0
0001c0 0000
0001c1 0000
0001c2 0000
0001c3 0000      	.DB  0x0,0x0,0x0,0x0,0x0,0x0,0x0,0x0
0001c4 0000
0001c5 0000
0001c6 0000
0001c7 0000      	.DB  0x0,0x0,0x0,0x0,0x0,0x0,0x0,0x0
0001c8 0000
0001c9 0000
0001ca 0000
0001cb 0000      	.DB  0x0,0x0,0x0,0x0,0x0,0x0,0x0,0x0
0001cc 0000
0001cd 0000
0001ce 0000
0001cf 0000      	.DB  0x0,0x0,0x0,0x0,0x0,0x0,0x0,0x0
0001d0 0000
0001d1 0000
0001d2 0000
0001d3 0000      	.DB  0x0,0x0,0x0,0x0,0x0,0x0,0x0,0x0
0001d4 0000
0001d5 0000
0001d6 0000
0001d7 0000      	.DB  0x0,0x0,0x0,0x0,0x0,0x0,0x0,0x0
0001d8 0000
0001d9 0000
0001da 0000
0001db 0000      	.DB  0x0,0x0,0x0,0x0,0x0,0x0,0x0,0x0
0001dc 0000
0001dd 0000
0001de 0000
0001df 0000      	.DB  0x0,0x0,0x0,0x0,0x0,0x0,0x0,0x0
0001e0 0000
0001e1 0000
0001e2 0000
0001e3 0000      	.DB  0x0,0x0,0x0,0x0,0x0,0x0,0x0,0x0
0001e4 fc00
0001e5 0404
0001e6 0404
0001e7 0404      	.DB  0x0,0xFC,0x4,0x4,0x4,0x4,0x4,0x4
0001e8 0404
0001e9 0404
0001ea 0404
0001eb 0404      	.DB  0x4,0x4,0x4,0x4,0x4,0x4,0x4,0x4
0001ec 0404
0001ed 0404
0001ee 0404
0001ef 0404      	.DB  0x4,0x4,0x4,0x4,0x4,0x4,0x4,0x4
0001f0 0404
0001f1 0404
0001f2 0404
0001f3 0404      	.DB  0x4,0x4,0x4,0x4,0x4,0x4,0x4,0x4
0001f4 0404
0001f5 0404
0001f6 0404
0001f7 0404      	.DB  0x4,0x4,0x4,0x4,0x4,0x4,0x4,0x4
0001f8 0404
0001f9 0404
0001fa 0404
0001fb 0404      	.DB  0x4,0x4,0x4,0x4,0x4,0x4,0x4,0x4
0001fc 0404
0001fd 0404
0001fe 0404
0001ff 0404      	.DB  0x4,0x4,0x4,0x4,0x4,0x4,0x4,0x4
000200 0404
000201 0404
000202 0404
000203 0404      	.DB  0x4,0x4,0x4,0x4,0x4,0x4,0x4,0x4
000204 0404
000205 0404
000206 0404
000207 0404      	.DB  0x4,0x4,0x4,0x4,0x4,0x4,0x4,0x4
000208 0404
000209 0404
00020a 0404
00020b 0404      	.DB  0x4,0x4,0x4,0x4,0x4,0x4,0x4,0x4
00020c 0404
00020d 0404
00020e 0404
00020f 0404      	.DB  0x4,0x4,0x4,0x4,0x4,0x4,0x4,0x4
000210 0404
000211 0404
000212 0404
000213 0404      	.DB  0x4,0x4,0x4,0x4,0x4,0x4,0x4,0x4
000214 0404
000215 0404
000216 00fc
000217 0000      	.DB  0x4,0x4,0x4,0x4,0xFC,0x0,0x0,0x0
000218 0000
000219 0000
00021a 0000
00021b 0000      	.DB  0x0,0x0,0x0,0x0,0x0,0x0,0x0,0x0
00021c 0000
00021d 0000
00021e 0000
00021f 0000      	.DB  0x0,0x0,0x0,0x0,0x0,0x0,0x0,0x0
000220 0000
000221 0000
000222 0000
000223 0000      	.DB  0x0,0x0,0x0,0x0,0x0,0x0,0x0,0x0
000224 ff00
000225 8080
000226 8080
000227 8080      	.DB  0x0,0xFF,0x80,0x80,0x80,0x80,0x80,0x80
000228 8080
000229 8080
00022a 8080
00022b 8080      	.DB  0x80,0x80,0x80,0x80,0x80,0x80,0x80,0x80
00022c 8080
00022d 8080
00022e 8080
00022f 8080      	.DB  0x80,0x80,0x80,0x80,0x80,0x80,0x80,0x80
000230 8080
000231 8080
000232 8080
000233 8080      	.DB  0x80,0x80,0x80,0x80,0x80,0x80,0x80,0x80
000234 8080
000235 8080
000236 8080
000237 8080      	.DB  0x80,0x80,0x80,0x80,0x80,0x80,0x80,0x80
000238 8080
000239 8080
00023a 8080
00023b 8080      	.DB  0x80,0x80,0x80,0x80,0x80,0x80,0x80,0x80
00023c 8080
00023d 8080
00023e 8080
00023f 8080      	.DB  0x80,0x80,0x80,0x80,0x80,0x80,0x80,0x80
000240 8080
000241 8080
000242 8080
000243 8080      	.DB  0x80,0x80,0x80,0x80,0x80,0x80,0x80,0x80
000244 8080
000245 8080
000246 8080
000247 8080      	.DB  0x80,0x80,0x80,0x80,0x80,0x80,0x80,0x80
000248 8080
000249 8080
00024a 8080
00024b 8080      	.DB  0x80,0x80,0x80,0x80,0x80,0x80,0x80,0x80
00024c 8080
00024d 8080
00024e 8080
00024f 8080      	.DB  0x80,0x80,0x80,0x80,0x80,0x80,0x80,0x80
000250 8080
000251 8080
000252 8080
000253 8080      	.DB  0x80,0x80,0x80,0x80,0x80,0x80,0x80,0x80
000254 8080
000255 8080
000256 00ff
000257 0000      	.DB  0x80,0x80,0x80,0x80,0xFF,0x0,0x0,0x0
000258 0000
000259 0000
00025a 0000
00025b 0000      	.DB  0x0,0x0,0x0,0x0,0x0,0x0,0x0,0x0
00025c 0000
00025d 0000
00025e 0000
00025f 0000      	.DB  0x0,0x0,0x0,0x0,0x0,0x0,0x0,0x0
000260 0000
000261 0000
000262 0000
000263 0000      	.DB  0x0,0x0,0x0,0x0,0x0,0x0,0x0,0x0
000264 0000
000265 0000
000266 0000
000267 0000      	.DB  0x0,0x0,0x0,0x0,0x0,0x0,0x0,0x0
000268 0000
000269 0000
00026a 0000
00026b 0000      	.DB  0x0,0x0,0x0,0x0,0x0,0x0,0x0,0x0
00026c 0000
00026d 0000
00026e 0000
00026f 0000      	.DB  0x0,0x0,0x0,0x0,0x0,0x0,0x0,0x0
000270 0000
000271 0000
000272 0000
000273 0000      	.DB  0x0,0x0,0x0,0x0,0x0,0x0,0x0,0x0
000274 0000
000275 0000
000276 0000
000277 0000      	.DB  0x0,0x0,0x0,0x0,0x0,0x0,0x0,0x0
000278 0000
000279 0000
00027a 0000
00027b 0000      	.DB  0x0,0x0,0x0,0x0,0x0,0x0,0x0,0x0
00027c 0000
00027d 0000
00027e 0000
00027f 0000      	.DB  0x0,0x0,0x0,0x0,0x0,0x0,0x0,0x0
000280 0000
000281 0000
000282 0000
000283 0000      	.DB  0x0,0x0,0x0,0x0,0x0,0x0,0x0,0x0
000284 0000
000285 0000
000286 0000
000287 0000      	.DB  0x0,0x0,0x0,0x0,0x0,0x0,0x0,0x0
000288 0000
000289 0000
00028a 0000
00028b 0000      	.DB  0x0,0x0,0x0,0x0,0x0,0x0,0x0,0x0
00028c 0000
00028d 0000
00028e 0000
00028f 0000      	.DB  0x0,0x0,0x0,0x0,0x0,0x0,0x0,0x0
000290 0000
000291 0000
000292 0000
000293 0000      	.DB  0x0,0x0,0x0,0x0,0x0,0x0,0x0,0x0
000294 0000
000295 0000
000296 0000
000297 0000      	.DB  0x0,0x0,0x0,0x0,0x0,0x0,0x0,0x0
000298 0000
000299 0000
00029a 0000
00029b 0000      	.DB  0x0,0x0,0x0,0x0,0x0,0x0,0x0,0x0
00029c 0000
00029d 0000
00029e 0000
00029f 0000      	.DB  0x0,0x0,0x0,0x0,0x0,0x0,0x0,0x0
0002a0 0000
0002a1 0000
0002a2 0000
0002a3 0000      	.DB  0x0,0x0,0x0,0x0,0x0,0x0,0x0,0x0
0002a4 0000
0002a5 0000
0002a6 0000
0002a7 0000      	.DB  0x0,0x0,0x0,0x0,0x0,0x0,0x0,0x0
0002a8 0000
0002a9 0000
0002aa 0000
0002ab 0000      	.DB  0x0,0x0,0x0,0x0,0x0,0x0,0x0,0x0
0002ac 0000
0002ad 0000
0002ae 0000
0002af 0000      	.DB  0x0,0x0,0x0,0x0,0x0,0x0,0x0,0x0
0002b0 0000
0002b1 0000
0002b2 0000
0002b3 0000      	.DB  0x0,0x0,0x0,0x0,0x0,0x0,0x0,0x0
0002b4 0000
0002b5 0000
0002b6 0000
0002b7 0000      	.DB  0x0,0x0,0x0,0x0,0x0,0x0,0x0,0x0
0002b8 0000
0002b9 0000
0002ba 0000
0002bb 0000      	.DB  0x0,0x0,0x0,0x0,0x0,0x0,0x0,0x0
0002bc 0000
0002bd 0000
0002be 0000
0002bf 0000      	.DB  0x0,0x0,0x0,0x0,0x0,0x0,0x0,0x0
0002c0 0000
0002c1 0000
0002c2 0000
0002c3 0000      	.DB  0x0,0x0,0x0,0x0,0x0,0x0,0x0,0x0
0002c4 0000
0002c5 0000
0002c6 0000
0002c7 0000      	.DB  0x0,0x0,0x0,0x0,0x0,0x0,0x0,0x0
0002c8 0000
0002c9 0000
0002ca 0000
0002cb 0000      	.DB  0x0,0x0,0x0,0x0,0x0,0x0,0x0,0x0
0002cc 0000
0002cd 0000
0002ce 0000
0002cf 0000      	.DB  0x0,0x0,0x0,0x0,0x0,0x0,0x0,0x0
0002d0 0000
0002d1 0000
0002d2 0000
0002d3 0000      	.DB  0x0,0x0,0x0,0x0,0x0,0x0,0x0,0x0
0002d4 0000
0002d5 0000
0002d6 0000
0002d7 0000      	.DB  0x0,0x0,0x0,0x0,0x0,0x0,0x0,0x0
0002d8 0000
0002d9 0000
0002da 0000
0002db 0000      	.DB  0x0,0x0,0x0,0x0,0x0,0x0,0x0,0x0
0002dc 0000
0002dd 0000
0002de 0000
0002df 0000      	.DB  0x0,0x0,0x0,0x0,0x0,0x0,0x0,0x0
0002e0 0000
0002e1 0000
0002e2 0000
0002e3 0000      	.DB  0x0,0x0,0x0,0x0,0x0,0x0,0x0,0x0
0002e4 0000
0002e5 0000
0002e6 0000
0002e7 0000      	.DB  0x0,0x0,0x0,0x0,0x0,0x0,0x0,0x0
0002e8 0000
0002e9 0000
0002ea 0000
0002eb 0000      	.DB  0x0,0x0,0x0,0x0,0x0,0x0,0x0,0x0
0002ec 0000
0002ed 0000
0002ee 0000
0002ef 0000      	.DB  0x0,0x0,0x0,0x0,0x0,0x0,0x0,0x0
0002f0 0000
0002f1 0000
0002f2 0000
0002f3 0000      	.DB  0x0,0x0,0x0,0x0,0x0,0x0,0x0,0x0
0002f4 0000
0002f5 0000
0002f6 0000
0002f7 0000      	.DB  0x0,0x0,0x0,0x0,0x0,0x0,0x0,0x0
0002f8 0000
0002f9 0000
0002fa 0000
0002fb 0000      	.DB  0x0,0x0,0x0,0x0,0x0,0x0,0x0,0x0
0002fc 0000
0002fd 0000
0002fe 0000
0002ff 0000      	.DB  0x0,0x0,0x0,0x0,0x0,0x0,0x0,0x0
000300 0000
000301 0000
000302 0000
000303 0000      	.DB  0x0,0x0,0x0,0x0,0x0,0x0,0x0,0x0
000304 0000
000305 0000
000306 0000
000307 0000      	.DB  0x0,0x0,0x0,0x0,0x0,0x0,0x0,0x0
000308 0000
000309 0000
00030a 0000
00030b 0000      	.DB  0x0,0x0,0x0,0x0,0x0,0x0,0x0,0x0
00030c 0000
00030d 0000
00030e 0000
00030f 0000      	.DB  0x0,0x0,0x0,0x0,0x0,0x0,0x0,0x0
000310 0000
000311 0000
000312 0000
000313 0000      	.DB  0x0,0x0,0x0,0x0,0x0,0x0,0x0,0x0
000314 0000
000315 0000
000316 0000
000317 0000      	.DB  0x0,0x0,0x0,0x0,0x0,0x0,0x0,0x0
000318 0000
000319 0000
00031a 0000
00031b 0000      	.DB  0x0,0x0,0x0,0x0,0x0,0x0,0x0,0x0
00031c 0000
00031d 0000      	.DB  0x0,0x0,0x0,0x0
                 _image3:
00031e 0080
00031f 0040
000320 0000
000321 0000      	.DB  0x80,0x0,0x40,0x0,0x0,0x0,0x0,0x0
000322 0000
000323 0000
000324 40c0
000325 4040      	.DB  0x0,0x0,0x0,0x0,0xC0,0x40,0x40,0x40
000326 c040
000327 4040
000328 4040
000329 4040      	.DB  0x40,0xC0,0x40,0x40,0x40,0x40,0x40,0x40
00032a 4040
00032b 4040
00032c 4040
00032d 4040      	.DB  0x40,0x40,0x40,0x40,0x40,0x40,0x40,0x40
00032e 4040
00032f 4040
000330 4040
000331 4040      	.DB  0x40,0x40,0x40,0x40,0x40,0x40,0x40,0x40
000332 4040
000333 4040
000334 4040
000335 4040      	.DB  0x40,0x40,0x40,0x40,0x40,0x40,0x40,0x40
000336 4040
000337 4040
000338 4040
000339 4040      	.DB  0x40,0x40,0x40,0x40,0x40,0x40,0x40,0x40
00033a 4040
00033b 4040
00033c 4040
00033d 00c0      	.DB  0x40,0x40,0x40,0x40,0x40,0x40,0xC0,0x0
00033e 0000
00033f 0000
000340 0000
000341 0000      	.DB  0x0,0x0,0x0,0x0,0x0,0x0,0x0,0x0
000342 c000
000343 4040
000344 4040
000345 40c0      	.DB  0x0,0xC0,0x40,0x40,0x40,0x40,0xC0,0x40
000346 4040
000347 4040
000348 4040
000349 4040      	.DB  0x40,0x40,0x40,0x40,0x40,0x40,0x40,0x40
00034a 4040
00034b 4040
00034c 4040
00034d 4040      	.DB  0x40,0x40,0x40,0x40,0x40,0x40,0x40,0x40
00034e 4040
00034f 4040
000350 4040
000351 4040      	.DB  0x40,0x40,0x40,0x40,0x40,0x40,0x40,0x40
000352 4040
000353 4040
000354 4040
000355 4040      	.DB  0x40,0x40,0x40,0x40,0x40,0x40,0x40,0x40
000356 4040
000357 4040
000358 4040
000359 4040      	.DB  0x40,0x40,0x40,0x40,0x40,0x40,0x40,0x40
00035a 4040
00035b c040
00035c 0000
00035d 0000      	.DB  0x40,0x40,0x40,0xC0,0x0,0x0,0x0,0x0
00035e 0000
00035f 0000
000360 0000
000361 0000      	.DB  0x0,0x0,0x0,0x0,0x0,0x0,0x0,0x0
000362 0000
000363 0000
000364 04ff
000365 0404      	.DB  0x0,0x0,0x0,0x0,0xFF,0x4,0x4,0x4
000366 0704
000367 f8f8
000368 8888
000369 7888      	.DB  0x4,0x7,0xF8,0xF8,0x88,0x88,0x88,0x78
00036a 0070
00036b e080
00036c 2020
00036d c0e0      	.DB  0x70,0x0,0x80,0xE0,0x20,0x20,0xE0,0xC0
00036e fc00
00036f 00fc
000370 4000
000371 2020      	.DB  0x0,0xFC,0xFC,0x0,0x0,0x40,0x20,0x20
000372 c0e0
000373 6000
000374 80e0
000375 8000      	.DB  0xE0,0xC0,0x0,0x60,0xE0,0x80,0x0,0x80
000376 60e0
000377 0000
000378 3030
000379 f8f8      	.DB  0xE0,0x60,0x0,0x0,0x30,0x30,0xF8,0xF8
00037a 0000
00037b 0000
00037c 0000
00037d 00ff      	.DB  0x0,0x0,0x0,0x0,0x0,0x0,0xFF,0x0
00037e 0000
00037f 0000
000380 0000
000381 0000      	.DB  0x0,0x0,0x0,0x0,0x0,0x0,0x0,0x0
000382 ff00
000383 0404
000384 0404
000385 f807      	.DB  0x0,0xFF,0x4,0x4,0x4,0x4,0x7,0xF8
000386 88f8
000387 8888
000388 7078
000389 8000      	.DB  0xF8,0x88,0x88,0x88,0x78,0x70,0x0,0x80
00038a 20e0
00038b e020
00038c 00c0
00038d fcfc      	.DB  0xE0,0x20,0x20,0xE0,0xC0,0x0,0xFC,0xFC
00038e 0000
00038f 2040
000390 e020
000391 00c0      	.DB  0x0,0x0,0x40,0x20,0x20,0xE0,0xC0,0x0
000392 e060
000393 0080
000394 e080
000395 0060      	.DB  0x60,0xE0,0x80,0x0,0x80,0xE0,0x60,0x0
000396 0810
000397 8808
000398 70f8
000399 0000      	.DB  0x10,0x8,0x8,0x88,0xF8,0x70,0x0,0x0
00039a 0000
00039b ff00
00039c 0000
00039d 0000      	.DB  0x0,0x0,0x0,0xFF,0x0,0x0,0x0,0x0
00039e 0000
00039f 0000
0003a0 0000
0003a1 0000      	.DB  0x0,0x0,0x0,0x0,0x0,0x0,0x0,0x0
0003a2 0000
0003a3 0000
0003a4 00ff
0003a5 0000      	.DB  0x0,0x0,0x0,0x0,0xFF,0x0,0x0,0x0
0003a6 0000
0003a7 0f0f
0003a8 0000
0003a9 0701      	.DB  0x0,0x0,0xF,0xF,0x0,0x0,0x1,0x7
0003aa 080e
0003ab 0f07
0003ac 0909
0003ad 0105      	.DB  0xE,0x8,0x7,0xF,0x9,0x9,0x5,0x1
0003ae 0f00
0003af 000f
0003b0 0f06
0003b1 0909      	.DB  0x0,0xF,0xF,0x0,0x6,0xF,0x9,0x9
0003b2 0f0f
0003b3 4000
0003b4 7f41
0003b5 0f38      	.DB  0xF,0xF,0x0,0x40,0x41,0x7F,0x38,0xF
0003b6 0001
0003b7 0000
0003b8 0000
0003b9 0f0f      	.DB  0x1,0x0,0x0,0x0,0x0,0x0,0xF,0xF
0003ba 0000
0003bb 0000
0003bc 0000
0003bd 00ff      	.DB  0x0,0x0,0x0,0x0,0x0,0x0,0xFF,0x0
0003be 0000
0003bf 0000
0003c0 0000
0003c1 0000      	.DB  0x0,0x0,0x0,0x0,0x0,0x0,0x0,0x0
0003c2 ff00
0003c3 0000
0003c4 0000
0003c5 0f00      	.DB  0x0,0xFF,0x0,0x0,0x0,0x0,0x0,0xF
0003c6 000f
0003c7 0100
0003c8 0e07
0003c9 0708      	.DB  0xF,0x0,0x0,0x1,0x7,0xE,0x8,0x7
0003ca 090f
0003cb 0509
0003cc 0001
0003cd 0f0f      	.DB  0xF,0x9,0x9,0x5,0x1,0x0,0xF,0xF
0003ce 0600
0003cf 090f
0003d0 0f09
0003d1 000f      	.DB  0x0,0x6,0xF,0x9,0x9,0xF,0xF,0x0
0003d2 4140
0003d3 387f
0003d4 010f
0003d5 0000      	.DB  0x40,0x41,0x7F,0x38,0xF,0x1,0x0,0x0
0003d6 0f0c
0003d7 090b
0003d8 0808
0003d9 0000      	.DB  0xC,0xF,0xB,0x9,0x8,0x8,0x0,0x0
0003da 0000
0003db ff00
0003dc 0000
0003dd 0000      	.DB  0x0,0x0,0x0,0xFF,0x0,0x0,0x0,0x0
0003de 0000
0003df 0000
0003e0 0000
0003e1 0000      	.DB  0x0,0x0,0x0,0x0,0x0,0x0,0x0,0x0
0003e2 0000
0003e3 0000
0003e4 0101
0003e5 0101      	.DB  0x0,0x0,0x0,0x0,0x1,0x1,0x1,0x1
0003e6 0101
0003e7 0101
0003e8 0101
0003e9 0101      	.DB  0x1,0x1,0x1,0x1,0x1,0x1,0x1,0x1
0003ea 0101
0003eb 0101
0003ec 0101
0003ed 0101      	.DB  0x1,0x1,0x1,0x1,0x1,0x1,0x1,0x1
0003ee 0101
0003ef 0101
0003f0 0101
0003f1 0101      	.DB  0x1,0x1,0x1,0x1,0x1,0x1,0x1,0x1
0003f2 0101
0003f3 0101
0003f4 0101
0003f5 0101      	.DB  0x1,0x1,0x1,0x1,0x1,0x1,0x1,0x1
0003f6 0101
0003f7 0101
0003f8 0101
0003f9 0101      	.DB  0x1,0x1,0x1,0x1,0x1,0x1,0x1,0x1
0003fa 0101
0003fb 0101
0003fc 0101
0003fd 0001      	.DB  0x1,0x1,0x1,0x1,0x1,0x1,0x1,0x0
0003fe 0000
0003ff 0000
000400 0000
000401 0000      	.DB  0x0,0x0,0x0,0x0,0x0,0x0,0x0,0x0
000402 0100
000403 0101
000404 0101
000405 0101      	.DB  0x0,0x1,0x1,0x1,0x1,0x1,0x1,0x1
000406 0101
000407 0101
000408 0101
000409 0101      	.DB  0x1,0x1,0x1,0x1,0x1,0x1,0x1,0x1
00040a 0101
00040b 0101
00040c 0101
00040d 0101      	.DB  0x1,0x1,0x1,0x1,0x1,0x1,0x1,0x1
00040e 0101
00040f 0101
000410 0101
000411 0101      	.DB  0x1,0x1,0x1,0x1,0x1,0x1,0x1,0x1
000412 0101
000413 0101
000414 0101
000415 0101      	.DB  0x1,0x1,0x1,0x1,0x1,0x1,0x1,0x1
000416 0101
000417 0101
000418 0101
000419 0101      	.DB  0x1,0x1,0x1,0x1,0x1,0x1,0x1,0x1
00041a 0101
00041b 0101
00041c 0000
00041d 0000      	.DB  0x1,0x1,0x1,0x1,0x0,0x0,0x0,0x0
00041e 0000
00041f 0000
000420 0000
000421 0000      	.DB  0x0,0x0,0x0,0x0,0x0,0x0,0x0,0x0
000422 0000
000423 0000
000424 8080
000425 8080      	.DB  0x0,0x0,0x0,0x0,0x80,0x80,0x80,0x80
000426 8080
000427 8080
000428 8080
000429 8080      	.DB  0x80,0x80,0x80,0x80,0x80,0x80,0x80,0x80
00042a 8080
00042b 8080
00042c 8080
00042d 8080      	.DB  0x80,0x80,0x80,0x80,0x80,0x80,0x80,0x80
00042e 8080
00042f 8080
000430 8080
000431 8080      	.DB  0x80,0x80,0x80,0x80,0x80,0x80,0x80,0x80
000432 8080
000433 8080
000434 8080
000435 8080      	.DB  0x80,0x80,0x80,0x80,0x80,0x80,0x80,0x80
000436 8080
000437 8080
000438 8080
000439 8080      	.DB  0x80,0x80,0x80,0x80,0x80,0x80,0x80,0x80
00043a 8080
00043b 8080
00043c 8080
00043d 0080      	.DB  0x80,0x80,0x80,0x80,0x80,0x80,0x80,0x0
00043e 0000
00043f 0000
000440 0000
000441 0000      	.DB  0x0,0x0,0x0,0x0,0x0,0x0,0x0,0x0
000442 8000
000443 8080
000444 8080
000445 8080      	.DB  0x0,0x80,0x80,0x80,0x80,0x80,0x80,0x80
000446 8080
000447 8080
000448 8080
000449 8080      	.DB  0x80,0x80,0x80,0x80,0x80,0x80,0x80,0x80
00044a 8080
00044b 8080
00044c 8080
00044d 8080      	.DB  0x80,0x80,0x80,0x80,0x80,0x80,0x80,0x80
00044e 8080
00044f 8080
000450 8080
000451 8080      	.DB  0x80,0x80,0x80,0x80,0x80,0x80,0x80,0x80
000452 8080
000453 8080
000454 8080
000455 8080      	.DB  0x80,0x80,0x80,0x80,0x80,0x80,0x80,0x80
000456 8080
000457 8080
000458 8080
000459 8080      	.DB  0x80,0x80,0x80,0x80,0x80,0x80,0x80,0x80
00045a 8080
00045b 8080
00045c 0000
00045d 0000      	.DB  0x80,0x80,0x80,0x80,0x0,0x0,0x0,0x0
00045e 0000
00045f 0000
000460 0000
000461 0000      	.DB  0x0,0x0,0x0,0x0,0x0,0x0,0x0,0x0
000462 0000
000463 0000
000464 08ff
000465 0808      	.DB  0x0,0x0,0x0,0x0,0xFF,0x8,0x8,0x8
000466 0f08
000467 f0f0
000468 1010
000469 f010      	.DB  0x8,0xF,0xF0,0xF0,0x10,0x10,0x10,0xF0
00046a 00e0
00046b c000
00046c 4040
00046d 80c0      	.DB  0xE0,0x0,0x0,0xC0,0x40,0x40,0xC0,0x80
00046e f800
00046f 00f8
000470 8000
000471 4040      	.DB  0x0,0xF8,0xF8,0x0,0x0,0x80,0x40,0x40
000472 80c0
000473 c000
000474 00c0
000475 0000      	.DB  0xC0,0x80,0x0,0xC0,0xC0,0x0,0x0,0x0
000476 c0c0
000477 2000
000478 1010
000479 f010      	.DB  0xC0,0xC0,0x0,0x20,0x10,0x10,0x10,0xF0
00047a 00e0
00047b 0000
00047c 0000
00047d 00ff      	.DB  0xE0,0x0,0x0,0x0,0x0,0x0,0xFF,0x0
00047e 0000
00047f 0000
000480 0000
000481 0000      	.DB  0x0,0x0,0x0,0x0,0x0,0x0,0x0,0x0
000482 ff00
000483 0808
000484 0808
000485 f00f      	.DB  0x0,0xFF,0x8,0x8,0x8,0x8,0xF,0xF0
000486 10f0
000487 1010
000488 e0f0
000489 0000      	.DB  0xF0,0x10,0x10,0x10,0xF0,0xE0,0x0,0x0
00048a 40c0
00048b c040
00048c 0080
00048d f8f8      	.DB  0xC0,0x40,0x40,0xC0,0x80,0x0,0xF8,0xF8
00048e 0000
00048f 4080
000490 c040
000491 0080      	.DB  0x0,0x0,0x80,0x40,0x40,0xC0,0x80,0x0
000492 c0c0
000493 0000
000494 c000
000495 00c0      	.DB  0xC0,0xC0,0x0,0x0,0x0,0xC0,0xC0,0x0
000496 8000
000497 60c0
000498 f0f0
000499 0000      	.DB  0x0,0x80,0xC0,0x60,0xF0,0xF0,0x0,0x0
00049a 0000
00049b ff00
00049c 0000
00049d 0000      	.DB  0x0,0x0,0x0,0xFF,0x0,0x0,0x0,0x0
00049e 0000
00049f 0000
0004a0 0000
0004a1 0000      	.DB  0x0,0x0,0x0,0x0,0x0,0x0,0x0,0x0
0004a2 0000
0004a3 0000
0004a4 00ff
0004a5 0000      	.DB  0x0,0x0,0x0,0x0,0xFF,0x0,0x0,0x0
0004a6 0000
0004a7 1f1f
0004a8 0101
0004a9 0e03      	.DB  0x0,0x0,0x1F,0x1F,0x1,0x1,0x3,0xE
0004aa 101c
0004ab 1f0f
0004ac 1212
0004ad 030b      	.DB  0x1C,0x10,0xF,0x1F,0x12,0x12,0xB,0x3
0004ae 1f00
0004af 001f
0004b0 1e0c
0004b1 1212      	.DB  0x0,0x1F,0x1F,0x0,0xC,0x1E,0x12,0x12
0004b2 1f1f
0004b3 8000
0004b4 ff83
0004b5 1f70      	.DB  0x1F,0x1F,0x0,0x80,0x83,0xFF,0x70,0x1F
0004b6 0003
0004b7 0800
0004b8 1111
0004b9 1e11      	.DB  0x3,0x0,0x0,0x8,0x11,0x11,0x11,0x1E
0004ba 000e
0004bb 0000
0004bc 0000
0004bd 00ff      	.DB  0xE,0x0,0x0,0x0,0x0,0x0,0xFF,0x0
0004be 0000
0004bf 0000
0004c0 0000
0004c1 0000      	.DB  0x0,0x0,0x0,0x0,0x0,0x0,0x0,0x0
0004c2 ff00
0004c3 0000
0004c4 0000
0004c5 1f00      	.DB  0x0,0xFF,0x0,0x0,0x0,0x0,0x0,0x1F
0004c6 011f
0004c7 0301
0004c8 1c0e
0004c9 0f10      	.DB  0x1F,0x1,0x1,0x3,0xE,0x1C,0x10,0xF
0004ca 121f
0004cb 0b12
0004cc 0003
0004cd 1f1f      	.DB  0x1F,0x12,0x12,0xB,0x3,0x0,0x1F,0x1F
0004ce 0c00
0004cf 121e
0004d0 1f12
0004d1 001f      	.DB  0x0,0xC,0x1E,0x12,0x12,0x1F,0x1F,0x0
0004d2 8380
0004d3 70ff
0004d4 031f
0004d5 0600      	.DB  0x80,0x83,0xFF,0x70,0x1F,0x3,0x0,0x6
0004d6 0707
0004d7 0405
0004d8 1f1f
0004d9 0004      	.DB  0x7,0x7,0x5,0x4,0x1F,0x1F,0x4,0x0
0004da 0000
0004db ff00
0004dc 0000
0004dd 0000      	.DB  0x0,0x0,0x0,0xFF,0x0,0x0,0x0,0x0
0004de 0000
0004df 0000
0004e0 0000
0004e1 0000      	.DB  0x0,0x0,0x0,0x0,0x0,0x0,0x0,0x0
0004e2 0000
0004e3 0000
0004e4 0203
0004e5 0202      	.DB  0x0,0x0,0x0,0x0,0x3,0x2,0x2,0x2
0004e6 0202
0004e7 0202
0004e8 0202
0004e9 0202      	.DB  0x2,0x2,0x2,0x2,0x2,0x2,0x2,0x2
0004ea 0202
0004eb 0202
0004ec 0202
0004ed 0202      	.DB  0x2,0x2,0x2,0x2,0x2,0x2,0x2,0x2
0004ee 0202
0004ef 0202
0004f0 0202
0004f1 0202      	.DB  0x2,0x2,0x2,0x2,0x2,0x2,0x2,0x2
0004f2 0202
0004f3 0202
0004f4 0202
0004f5 0202      	.DB  0x2,0x2,0x2,0x2,0x2,0x2,0x2,0x2
0004f6 0202
0004f7 0202
0004f8 0202
0004f9 0202      	.DB  0x2,0x2,0x2,0x2,0x2,0x2,0x2,0x2
0004fa 0202
0004fb 0202
0004fc 0202
0004fd 0003      	.DB  0x2,0x2,0x2,0x2,0x2,0x2,0x3,0x0
0004fe 0000
0004ff 0000
000500 0000
000501 0000      	.DB  0x0,0x0,0x0,0x0,0x0,0x0,0x0,0x0
000502 0300
000503 0202
000504 0202
000505 0202      	.DB  0x0,0x3,0x2,0x2,0x2,0x2,0x2,0x2
000506 0202
000507 0202
000508 0202
000509 0202      	.DB  0x2,0x2,0x2,0x2,0x2,0x2,0x2,0x2
00050a 0202
00050b 0202
00050c 0202
00050d 0202      	.DB  0x2,0x2,0x2,0x2,0x2,0x2,0x2,0x2
00050e 0202
00050f 0202
000510 0202
000511 0202      	.DB  0x2,0x2,0x2,0x2,0x2,0x2,0x2,0x2
000512 0202
000513 0202
000514 0202
000515 0202      	.DB  0x2,0x2,0x2,0x2,0x2,0x2,0x2,0x2
000516 0202
000517 0202
000518 0202
000519 0202      	.DB  0x2,0x2,0x2,0x2,0x2,0x2,0x2,0x2
00051a 0202
00051b 0302
00051c 0000
00051d 0000      	.DB  0x2,0x2,0x2,0x3,0x0,0x0,0x0,0x0
00051e 0000
00051f 0000      	.DB  0x0,0x0,0x0,0x0
                 __glcd_mask:
000520 0100
000521 0703
000522 1f0f
000523 7f3f      	.DB  0x0,0x1,0x3,0x7,0xF,0x1F,0x3F,0x7F
E:\ALL PROJECTS\AVR project\Remmember\Codevision AVR\Graphic Display(menu)\Debug\List\gl.asm(1449): warning: .cseg .db misalignment - padding zero byte
000524 00ff      	.DB  0xFF
                 
                 ;GLOBAL REGISTER VARIABLES INITIALIZATION
                 __REG_VARS:
000525 0000      	.DB  0x0,0x0
                 
                 _0x0:
000526 6f4c
000527 6964
000528 676e
000529 2e2e      	.DB  0x4C,0x6F,0x64,0x69,0x6E,0x67,0x2E,0x2E
00052a 002e      	.DB  0x2E,0x0
                 _0x20C0060:
E:\ALL PROJECTS\AVR project\Remmember\Codevision AVR\Graphic Display(menu)\Debug\List\gl.asm(1459): warning: .cseg .db misalignment - padding zero byte
00052b 0001      	.DB  0x1
                 _0x20C0000:
00052c 4e2d
00052d 4e41
00052e 4900
00052f 464e      	.DB  0x2D,0x4E,0x41,0x4E,0x0,0x49,0x4E,0x46
E:\ALL PROJECTS\AVR project\Remmember\Codevision AVR\Graphic Display(menu)\Debug\List\gl.asm(1462): warning: .cseg .db misalignment - padding zero byte
000530 0000      	.DB  0x0
                 
                 __GLOBAL_INI_TBL:
000531 0002      	.DW  0x02
000532 000a      	.DW  0x0A
000533 0a4a      	.DW  __REG_VARS*2
                 
000534 000a      	.DW  0x0A
000535 0260      	.DW  _0x3
000536 0a4c      	.DW  _0x0*2
                 
000537 0001      	.DW  0x01
000538 0292      	.DW  __seed_G106
000539 0a56      	.DW  _0x20C0060*2
                 
                 _0xFFFFFFFF:
00053a 0000      	.DW  0
                 
                 #define __GLOBAL_INI_TBL_PRESENT 1
                 
                 __RESET:
00053b 94f8      	CLI
00053c 27ee      	CLR  R30
00053d bbec      	OUT  EECR,R30
                 
                 ;INTERRUPT VECTORS ARE PLACED
                 ;AT THE START OF FLASH
00053e e0f1      	LDI  R31,1
00053f bff5      	OUT  MCUCR,R31
000540 bfe5      	OUT  MCUCR,R30
                 
                 ;CLEAR R2-R14
000541 e08d      	LDI  R24,(14-2)+1
000542 e0a2      	LDI  R26,2
000543 27bb      	CLR  R27
                 __CLEAR_REG:
000544 93ed      	ST   X+,R30
000545 958a      	DEC  R24
000546 f7e9      	BRNE __CLEAR_REG
                 
                 ;CLEAR SRAM
000547 e080      	LDI  R24,LOW(__CLEAR_SRAM_SIZE)
000548 e098      	LDI  R25,HIGH(__CLEAR_SRAM_SIZE)
000549 e6a0      	LDI  R26,__SRAM_START
                 __CLEAR_SRAM:
00054a 93ed      	ST   X+,R30
00054b 9701      	SBIW R24,1
00054c f7e9      	BRNE __CLEAR_SRAM
                 
                 ;GLOBAL VARIABLES INITIALIZATION
00054d e6e2      	LDI  R30,LOW(__GLOBAL_INI_TBL*2)
00054e e0fa      	LDI  R31,HIGH(__GLOBAL_INI_TBL*2)
                 __GLOBAL_INI_NEXT:
00054f 9185      	LPM  R24,Z+
000550 9195      	LPM  R25,Z+
000551 9700      	SBIW R24,0
000552 f061      	BREQ __GLOBAL_INI_END
000553 91a5      	LPM  R26,Z+
000554 91b5      	LPM  R27,Z+
000555 9005      	LPM  R0,Z+
000556 9015      	LPM  R1,Z+
000557 01bf      	MOVW R22,R30
000558 01f0      	MOVW R30,R0
                 __GLOBAL_INI_LOOP:
000559 9005      	LPM  R0,Z+
00055a 920d      	ST   X+,R0
00055b 9701      	SBIW R24,1
00055c f7e1      	BRNE __GLOBAL_INI_LOOP
00055d 01fb      	MOVW R30,R22
00055e cff0      	RJMP __GLOBAL_INI_NEXT
                 __GLOBAL_INI_END:
                 
                 ;HARDWARE STACK POINTER INITIALIZATION
00055f e5ef      	LDI  R30,LOW(__SRAM_END-__HEAP_SIZE)
000560 bfed      	OUT  SPL,R30
000561 e0e8      	LDI  R30,HIGH(__SRAM_END-__HEAP_SIZE)
000562 bfee      	OUT  SPH,R30
                 
                 ;DATA STACK POINTER INITIALIZATION
000563 e6c0      	LDI  R28,LOW(__SRAM_START+__DSTACK_SIZE)
000564 e0d2      	LDI  R29,HIGH(__SRAM_START+__DSTACK_SIZE)
                 
000565 940c 0718 	JMP  _main
                 
                 	.ESEG
                 	.ORG 0
                 
                 	.DSEG
                 	.ORG 0x260
                 
                 	.CSEG
                 ;/*******************************************************
                 ;This program was created by the
                 ;CodeWizardAVR V3.14 Advanced
                 ;Automatic Program Generator
                 ;© Copyright 1998-2014 Pavel Haiduc, HP InfoTech s.r.l.
                 ;http://www.hpinfotech.com
                 ;
                 ;Project :
                 ;Version :
                 ;Date    : 8/28/2026
                 ;Author  :
                 ;Company :
                 ;Comments:
                 ;
                 ;
                 ;Chip type               : ATmega32A
                 ;Program type            : Application
                 ;AVR Core Clock frequency: 8.000000 MHz
                 ;Memory model            : Small
                 ;External RAM size       : 0
                 ;Data Stack size         : 512
                 ;*******************************************************/
                 ;
                 ;#include <mega32a.h>
                 	#ifndef __SLEEP_DEFINED__
                 	#define __SLEEP_DEFINED__
                 	.EQU __se_bit=0x80
                 	.EQU __sm_mask=0x70
                 	.EQU __sm_powerdown=0x20
                 	.EQU __sm_powersave=0x30
                 	.EQU __sm_standby=0x60
                 	.EQU __sm_ext_standby=0x70
                 	.EQU __sm_adc_noise_red=0x10
                 	.SET power_ctrl_reg=mcucr
                 	#endif
                 ;#include <delay.h>
                 ;
                 ;// Graphic Display functions
                 ;#include <glcd.h>
                 ;
                 ;// Font used for displaying text
                 ;// on the graphic display
                 ;#include <font5x7.h>
                 ;#include "image.c"
                 ;/****************************************************************************
                 ;Image data created by the LCD Vision V1.05 font & image editor/converter
                 ;(C) Copyright 2011-2013 Pavel Haiduc, HP InfoTech s.r.l.
                 ;http://www.hpinfotech.com
                 ;
                 ;Graphic LCD controller: KS0108 128x64 CS1,CS2
                 ;Image width: 128 pixels
                 ;Image height: 64 pixels
                 ;Color depth: 1 bits/pixel
                 ;Imported image file name: Untitled-3.bmp
                 ;
                 ;Exported monochrome image data size:
                 ;1028 bytes for displays organized as horizontal rows of bytes
                 ;1028 bytes for displays organized as rows of vertical bytes.
                 ;****************************************************************************/
                 ;
                 ;flash unsigned char image[]=
                 ;{
                 ;/* Image width: 128 pixels */
                 ;0x80, 0x00,
                 ;/* Image height: 64 pixels */
                 ;0x40, 0x00,
                 ;#ifndef _GLCD_DATA_BYTEY_
                 ;/* Image data for monochrome displays organized
                 ;   as horizontal rows of bytes */
                 ;0x00, 0x00, 0x00, 0x00, 0x00, 0x00, 0x00, 0x00,
                 ;0x00, 0x00, 0x00, 0x00, 0x00, 0x00, 0x00, 0x00,
                 ;0x00, 0x00, 0x00, 0x00, 0x00, 0x00, 0x00, 0x00,
                 ;0x00, 0x00, 0x00, 0x00, 0x00, 0x00, 0x00, 0x00,
                 ;0x00, 0x00, 0x00, 0x00, 0x00, 0x00, 0x00, 0x00,
                 ;0x00, 0x00, 0x00, 0x00, 0x00, 0x00, 0x00, 0x00,
                 ;0x00, 0x00, 0x00, 0x00, 0x00, 0x00, 0x00, 0x00,
                 ;0x00, 0x00, 0x00, 0x00, 0x00, 0x00, 0x00, 0x00,
                 ;0x00, 0x00, 0x00, 0x00, 0x00, 0x00, 0x00, 0x00,
                 ;0x00, 0x00, 0x00, 0x00, 0x00, 0x00, 0x00, 0x00,
                 ;0x00, 0x00, 0x00, 0x00, 0x00, 0x00, 0x00, 0x00,
                 ;0x00, 0x00, 0x00, 0x00, 0x00, 0x00, 0x00, 0x00,
                 ;0x00, 0x00, 0x00, 0x00, 0x00, 0x00, 0x00, 0x00,
                 ;0x00, 0x00, 0x00, 0x00, 0x00, 0x00, 0x00, 0x00,
                 ;0x00, 0x00, 0x00, 0x00, 0x00, 0x00, 0x00, 0x00,
                 ;0x00, 0x00, 0x00, 0x00, 0x00, 0x00, 0x00, 0x00,
                 ;0x00, 0x00, 0x00, 0x00, 0x00, 0x00, 0x00, 0x00,
                 ;0x00, 0x00, 0x00, 0x00, 0x00, 0x00, 0x00, 0x00,
                 ;0x00, 0x00, 0x00, 0x00, 0x00, 0x00, 0x00, 0x00,
                 ;0x00, 0x00, 0x00, 0x00, 0x00, 0x00, 0x00, 0x00,
                 ;0x00, 0x00, 0x00, 0x00, 0x00, 0x00, 0x00, 0x00,
                 ;0x00, 0x00, 0x00, 0x00, 0x00, 0x00, 0x00, 0x00,
                 ;0x00, 0x00, 0x00, 0x00, 0x00, 0x00, 0x00, 0x00,
                 ;0x00, 0x00, 0x00, 0x00, 0x00, 0x00, 0x00, 0x00,
                 ;0x00, 0x00, 0x00, 0x00, 0x00, 0x00, 0x00, 0x00,
                 ;0x00, 0x00, 0x00, 0x00, 0x00, 0x00, 0x00, 0x00,
                 ;0x00, 0x00, 0x00, 0x00, 0x00, 0x00, 0x00, 0x00,
                 ;0x00, 0x00, 0x00, 0x00, 0x00, 0x00, 0x00, 0x00,
                 ;0x00, 0x00, 0x00, 0x00, 0x00, 0x00, 0x00, 0x00,
                 ;0x00, 0x00, 0x00, 0x00, 0x00, 0x00, 0x00, 0x00,
                 ;0x00, 0x00, 0x00, 0x00, 0x00, 0x00, 0x00, 0x00,
                 ;0x00, 0x00, 0x00, 0x00, 0x00, 0x00, 0x00, 0x00,
                 ;0x00, 0x00, 0x00, 0x00, 0x00, 0x00, 0x00, 0x00,
                 ;0x00, 0x00, 0x00, 0x00, 0x00, 0x00, 0x00, 0x00,
                 ;0x00, 0x00, 0x00, 0x00, 0x00, 0x00, 0x00, 0x00,
                 ;0x00, 0x00, 0x00, 0x00, 0x00, 0x00, 0x00, 0x00,
                 ;0x00, 0x00, 0x00, 0x00, 0x00, 0x00, 0x00, 0x00,
                 ;0x00, 0x00, 0x00, 0x00, 0x00, 0x00, 0x00, 0x00,
                 ;0x00, 0x00, 0x00, 0x00, 0x00, 0x00, 0x00, 0x00,
                 ;0x00, 0x00, 0x00, 0x00, 0x00, 0x00, 0x00, 0x00,
                 ;0x00, 0x00, 0x00, 0x00, 0x00, 0x00, 0x00, 0x00,
                 ;0x00, 0x00, 0x00, 0x00, 0x00, 0x00, 0x00, 0x00,
                 ;0x00, 0x00, 0x00, 0x00, 0x00, 0x00, 0x00, 0x00,
                 ;0x00, 0x00, 0x00, 0x00, 0x00, 0x00, 0x00, 0x00,
                 ;0x00, 0x00, 0x00, 0x00, 0x00, 0x00, 0x00, 0x00,
                 ;0x00, 0x00, 0x00, 0x00, 0x00, 0x00, 0x00, 0x00,
                 ;0x00, 0x00, 0x00, 0x00, 0x00, 0x00, 0x00, 0x00,
                 ;0x00, 0x00, 0x00, 0x00, 0x00, 0x00, 0x00, 0x00,
                 ;0x00, 0x00, 0x00, 0x00, 0x00, 0x00, 0x00, 0x00,
                 ;0x00, 0x00, 0x00, 0x00, 0x00, 0x00, 0x00, 0x00,
                 ;0x00, 0x00, 0x00, 0x00, 0x00, 0x00, 0x00, 0x00,
                 ;0x00, 0x00, 0x00, 0x00, 0x00, 0x00, 0x00, 0x00,
                 ;0x00, 0xE0, 0xFF, 0xFF, 0xFF, 0xFF, 0xFF, 0xFF,
                 ;0xFF, 0xFF, 0xFF, 0xFF, 0xFF, 0xFF, 0x01, 0x00,
                 ;0x00, 0x20, 0x00, 0x00, 0x00, 0x00, 0x00, 0x00,
                 ;0x00, 0x00, 0x00, 0x00, 0x00, 0x00, 0x01, 0x00,
                 ;0x00, 0x20, 0x00, 0x00, 0x00, 0x00, 0x00, 0x00,
                 ;0x00, 0x00, 0x00, 0x00, 0x00, 0x00, 0x01, 0x00,
                 ;0x00, 0x20, 0x00, 0x00, 0x00, 0x00, 0x00, 0x00,
                 ;0x00, 0x00, 0x00, 0x00, 0x00, 0x00, 0x01, 0x00,
                 ;0x00, 0x20, 0x00, 0x00, 0x00, 0x00, 0x00, 0x00,
                 ;0x00, 0x00, 0x00, 0x00, 0x00, 0x00, 0x01, 0x00,
                 ;0x00, 0x20, 0x00, 0x00, 0x00, 0x00, 0x00, 0x00,
                 ;0x00, 0x00, 0x00, 0x00, 0x00, 0x00, 0x01, 0x00,
                 ;0x00, 0x20, 0x00, 0x00, 0x00, 0x00, 0x00, 0x00,
                 ;0x00, 0x00, 0x00, 0x00, 0x00, 0x00, 0x01, 0x00,
                 ;0x00, 0x20, 0x00, 0x00, 0x00, 0x00, 0x00, 0x00,
                 ;0x00, 0x00, 0x00, 0x00, 0x00, 0x00, 0x01, 0x00,
                 ;0x00, 0x20, 0x00, 0x00, 0x00, 0x00, 0x00, 0x00,
                 ;0x00, 0x00, 0x00, 0x00, 0x00, 0x00, 0x01, 0x00,
                 ;0x00, 0x20, 0x00, 0x00, 0x00, 0x00, 0x00, 0x00,
                 ;0x00, 0x00, 0x00, 0x00, 0x00, 0x00, 0x01, 0x00,
                 ;0x00, 0x20, 0x00, 0x00, 0x00, 0x00, 0x00, 0x00,
                 ;0x00, 0x00, 0x00, 0x00, 0x00, 0x00, 0x01, 0x00,
                 ;0x00, 0x20, 0x00, 0x00, 0x00, 0x00, 0x00, 0x00,
                 ;0x00, 0x00, 0x00, 0x00, 0x00, 0x00, 0x01, 0x00,
                 ;0x00, 0x20, 0x00, 0x00, 0x00, 0x00, 0x00, 0x00,
                 ;0x00, 0x00, 0x00, 0x00, 0x00, 0x00, 0x01, 0x00,
                 ;0x00, 0xE0, 0xFF, 0xFF, 0xFF, 0xFF, 0xFF, 0xFF,
                 ;0xFF, 0xFF, 0xFF, 0xFF, 0xFF, 0xFF, 0x01, 0x00,
                 ;0x00, 0x00, 0x00, 0x00, 0x00, 0x00, 0x00, 0x00,
                 ;0x00, 0x00, 0x00, 0x00, 0x00, 0x00, 0x00, 0x00,
                 ;0x00, 0x00, 0x00, 0x00, 0x00, 0x00, 0x00, 0x00,
                 ;0x00, 0x00, 0x00, 0x00, 0x00, 0x00, 0x00, 0x00,
                 ;0x00, 0x00, 0x00, 0x00, 0x00, 0x00, 0x00, 0x00,
                 ;0x00, 0x00, 0x00, 0x00, 0x00, 0x00, 0x00, 0x00,
                 ;0x00, 0x00, 0x00, 0x00, 0x00, 0x00, 0x00, 0x00,
                 ;0x00, 0x00, 0x00, 0x00, 0x00, 0x00, 0x00, 0x00,
                 ;0x00, 0x00, 0x00, 0x00, 0x00, 0x00, 0x00, 0x00,
                 ;0x00, 0x00, 0x00, 0x00, 0x00, 0x00, 0x00, 0x00,
                 ;0x00, 0x00, 0x00, 0x00, 0x00, 0x00, 0x00, 0x00,
                 ;0x00, 0x00, 0x00, 0x00, 0x00, 0x00, 0x00, 0x00,
                 ;0x00, 0x00, 0x00, 0x00, 0x00, 0x00, 0x00, 0x00,
                 ;0x00, 0x00, 0x00, 0x00, 0x00, 0x00, 0x00, 0x00,
                 ;0x00, 0x00, 0x00, 0x00, 0x00, 0x00, 0x00, 0x00,
                 ;0x00, 0x00, 0x00, 0x00, 0x00, 0x00, 0x00, 0x00,
                 ;0x00, 0x00, 0x00, 0x00, 0x00, 0x00, 0x00, 0x00,
                 ;0x00, 0x00, 0x00, 0x00, 0x00, 0x00, 0x00, 0x00,
                 ;0x00, 0x00, 0x00, 0x00, 0x00, 0x00, 0x00, 0x00,
                 ;0x00, 0x00, 0x00, 0x00, 0x00, 0x00, 0x00, 0x00,
                 ;0x00, 0x00, 0x00, 0x00, 0x00, 0x00, 0x00, 0x00,
                 ;0x00, 0x00, 0x00, 0x00, 0x00, 0x00, 0x00, 0x00,
                 ;0x00, 0x00, 0x00, 0x00, 0x00, 0x00, 0x00, 0x00,
                 ;0x00, 0x00, 0x00, 0x00, 0x00, 0x00, 0x00, 0x00,
                 ;0x00, 0x00, 0x00, 0x00, 0x00, 0x00, 0x00, 0x00,
                 ;0x00, 0x00, 0x00, 0x00, 0x00, 0x00, 0x00, 0x00,
                 ;0x00, 0x00, 0x00, 0x00, 0x00, 0x00, 0x00, 0x00,
                 ;0x00, 0x00, 0x00, 0x00, 0x00, 0x00, 0x00, 0x00,
                 ;0x00, 0x00, 0x00, 0x00, 0x00, 0x00, 0x00, 0x00,
                 ;0x00, 0x00, 0x00, 0x00, 0x00, 0x00, 0x00, 0x00,
                 ;0x00, 0x00, 0x00, 0x00, 0x00, 0x00, 0x00, 0x00,
                 ;0x00, 0x00, 0x00, 0x00, 0x00, 0x00, 0x00, 0x00,
                 ;0x00, 0x00, 0x00, 0x00, 0x00, 0x00, 0x00, 0x00,
                 ;0x00, 0x00, 0x00, 0x00, 0x00, 0x00, 0x00, 0x00,
                 ;0x00, 0x00, 0x00, 0x00, 0x00, 0x00, 0x00, 0x00,
                 ;0x00, 0x00, 0x00, 0x00, 0x00, 0x00, 0x00, 0x00,
                 ;0x00, 0x00, 0x00, 0x00, 0x00, 0x00, 0x00, 0x00,
                 ;0x00, 0x00, 0x00, 0x00, 0x00, 0x00, 0x00, 0x00,
                 ;0x00, 0x00, 0x00, 0x00, 0x00, 0x00, 0x00, 0x00,
                 ;0x00, 0x00, 0x00, 0x00, 0x00, 0x00, 0x00, 0x00,
                 ;0x00, 0x00, 0x00, 0x00, 0x00, 0x00, 0x00, 0x00,
                 ;0x00, 0x00, 0x00, 0x00, 0x00, 0x00, 0x00, 0x00,
                 ;0x00, 0x00, 0x00, 0x00, 0x00, 0x00, 0x00, 0x00,
                 ;0x00, 0x00, 0x00, 0x00, 0x00, 0x00, 0x00, 0x00,
                 ;0x00, 0x00, 0x00, 0x00, 0x00, 0x00, 0x00, 0x00,
                 ;0x00, 0x00, 0x00, 0x00, 0x00, 0x00, 0x00, 0x00,
                 ;0x00, 0x00, 0x00, 0x00, 0x00, 0x00, 0x00, 0x00,
                 ;0x00, 0x00, 0x00, 0x00, 0x00, 0x00, 0x00, 0x00,
                 ;#else
                 ;/* Image data for monochrome displays organized
                 ;   as rows of vertical bytes */
                 ;0x00, 0x00, 0x00, 0x00, 0x00, 0x00, 0x00, 0x00,
                 ;0x00, 0x00, 0x00, 0x00, 0x00, 0x00, 0x00, 0x00,
                 ;0x00, 0x00, 0x00, 0x00, 0x00, 0x00, 0x00, 0x00,
                 ;0x00, 0x00, 0x00, 0x00, 0x00, 0x00, 0x00, 0x00,
                 ;0x00, 0x00, 0x00, 0x00, 0x00, 0x00, 0x00, 0x00,
                 ;0x00, 0x00, 0x00, 0x00, 0x00, 0x00, 0x00, 0x00,
                 ;0x00, 0x00, 0x00, 0x00, 0x00, 0x00, 0x00, 0x00,
                 ;0x00, 0x00, 0x00, 0x00, 0x00, 0x00, 0x00, 0x00,
                 ;0x00, 0x00, 0x00, 0x00, 0x00, 0x00, 0x00, 0x00,
                 ;0x00, 0x00, 0x00, 0x00, 0x00, 0x00, 0x00, 0x00,
                 ;0x00, 0x00, 0x00, 0x00, 0x00, 0x00, 0x00, 0x00,
                 ;0x00, 0x00, 0x00, 0x00, 0x00, 0x00, 0x00, 0x00,
                 ;0x00, 0x00, 0x00, 0x00, 0x00, 0x00, 0x00, 0x00,
                 ;0x00, 0x00, 0x00, 0x00, 0x00, 0x00, 0x00, 0x00,
                 ;0x00, 0x00, 0x00, 0x00, 0x00, 0x00, 0x00, 0x00,
                 ;0x00, 0x00, 0x00, 0x00, 0x00, 0x00, 0x00, 0x00,
                 ;0x00, 0x00, 0x00, 0x00, 0x00, 0x00, 0x00, 0x00,
                 ;0x00, 0x00, 0x00, 0x00, 0x00, 0x00, 0x00, 0x00,
                 ;0x00, 0x00, 0x00, 0x00, 0x00, 0x00, 0x00, 0x00,
                 ;0x00, 0x00, 0x00, 0x00, 0x00, 0x00, 0x00, 0x00,
                 ;0x00, 0x00, 0x00, 0x00, 0x00, 0x00, 0x00, 0x00,
                 ;0x00, 0x00, 0x00, 0x00, 0x00, 0x00, 0x00, 0x00,
                 ;0x00, 0x00, 0x00, 0x00, 0x00, 0x00, 0x00, 0x00,
                 ;0x00, 0x00, 0x00, 0x00, 0x00, 0x00, 0x00, 0x00,
                 ;0x00, 0x00, 0x00, 0x00, 0x00, 0x00, 0x00, 0x00,
                 ;0x00, 0x00, 0x00, 0x00, 0x00, 0x00, 0x00, 0x00,
                 ;0x00, 0x00, 0x00, 0x00, 0x00, 0x00, 0x00, 0x00,
                 ;0x00, 0x00, 0x00, 0x00, 0x00, 0x00, 0x00, 0x00,
                 ;0x00, 0x00, 0x00, 0x00, 0x00, 0x00, 0x00, 0x00,
                 ;0x00, 0x00, 0x00, 0x00, 0x00, 0x00, 0x00, 0x00,
                 ;0x00, 0x00, 0x00, 0x00, 0x00, 0x00, 0x00, 0x00,
                 ;0x00, 0x00, 0x00, 0x00, 0x00, 0x00, 0x00, 0x00,
                 ;0x00, 0x00, 0x00, 0x00, 0x00, 0x00, 0x00, 0x00,
                 ;0x00, 0x00, 0x00, 0x00, 0x00, 0x00, 0x00, 0x00,
                 ;0x00, 0x00, 0x00, 0x00, 0x00, 0x00, 0x00, 0x00,
                 ;0x00, 0x00, 0x00, 0x00, 0x00, 0x00, 0x00, 0x00,
                 ;0x00, 0x00, 0x00, 0x00, 0x00, 0x00, 0x00, 0x00,
                 ;0x00, 0x00, 0x00, 0x00, 0x00, 0x00, 0x00, 0x00,
                 ;0x00, 0x00, 0x00, 0x00, 0x00, 0x00, 0x00, 0x00,
                 ;0x00, 0x00, 0x00, 0x00, 0x00, 0x00, 0x00, 0x00,
                 ;0x00, 0x00, 0x00, 0x00, 0x00, 0x00, 0x00, 0x00,
                 ;0x00, 0x00, 0x00, 0x00, 0x00, 0x00, 0x00, 0x00,
                 ;0x00, 0x00, 0x00, 0x00, 0x00, 0x00, 0x00, 0x00,
                 ;0x00, 0x00, 0x00, 0x00, 0x00, 0x00, 0x00, 0x00,
                 ;0x00, 0x00, 0x00, 0x00, 0x00, 0x00, 0x00, 0x00,
                 ;0x00, 0x00, 0x00, 0x00, 0x00, 0x00, 0x00, 0x00,
                 ;0x00, 0x00, 0x00, 0x00, 0x00, 0x00, 0x00, 0x00,
                 ;0x00, 0x00, 0x00, 0x00, 0x00, 0x00, 0x00, 0x00,
                 ;0x00, 0x00, 0x00, 0x00, 0x00, 0x00, 0x00, 0x00,
                 ;0x00, 0x00, 0x00, 0x00, 0x00, 0xFC, 0x04, 0x04,
                 ;0x04, 0x04, 0x04, 0x04, 0x04, 0x04, 0x04, 0x04,
                 ;0x04, 0x04, 0x04, 0x04, 0x04, 0x04, 0x04, 0x04,
                 ;0x04, 0x04, 0x04, 0x04, 0x04, 0x04, 0x04, 0x04,
                 ;0x04, 0x04, 0x04, 0x04, 0x04, 0x04, 0x04, 0x04,
                 ;0x04, 0x04, 0x04, 0x04, 0x04, 0x04, 0x04, 0x04,
                 ;0x04, 0x04, 0x04, 0x04, 0x04, 0x04, 0x04, 0x04,
                 ;0x04, 0x04, 0x04, 0x04, 0x04, 0x04, 0x04, 0x04,
                 ;0x04, 0x04, 0x04, 0x04, 0x04, 0x04, 0x04, 0x04,
                 ;0x04, 0x04, 0x04, 0x04, 0x04, 0x04, 0x04, 0x04,
                 ;0x04, 0x04, 0x04, 0x04, 0x04, 0x04, 0x04, 0x04,
                 ;0x04, 0x04, 0x04, 0x04, 0x04, 0x04, 0x04, 0x04,
                 ;0x04, 0x04, 0x04, 0x04, 0x04, 0x04, 0x04, 0x04,
                 ;0xFC, 0x00, 0x00, 0x00, 0x00, 0x00, 0x00, 0x00,
                 ;0x00, 0x00, 0x00, 0x00, 0x00, 0x00, 0x00, 0x00,
                 ;0x00, 0x00, 0x00, 0x00, 0x00, 0x00, 0x00, 0x00,
                 ;0x00, 0x00, 0x00, 0x00, 0x00, 0xFF, 0x80, 0x80,
                 ;0x80, 0x80, 0x80, 0x80, 0x80, 0x80, 0x80, 0x80,
                 ;0x80, 0x80, 0x80, 0x80, 0x80, 0x80, 0x80, 0x80,
                 ;0x80, 0x80, 0x80, 0x80, 0x80, 0x80, 0x80, 0x80,
                 ;0x80, 0x80, 0x80, 0x80, 0x80, 0x80, 0x80, 0x80,
                 ;0x80, 0x80, 0x80, 0x80, 0x80, 0x80, 0x80, 0x80,
                 ;0x80, 0x80, 0x80, 0x80, 0x80, 0x80, 0x80, 0x80,
                 ;0x80, 0x80, 0x80, 0x80, 0x80, 0x80, 0x80, 0x80,
                 ;0x80, 0x80, 0x80, 0x80, 0x80, 0x80, 0x80, 0x80,
                 ;0x80, 0x80, 0x80, 0x80, 0x80, 0x80, 0x80, 0x80,
                 ;0x80, 0x80, 0x80, 0x80, 0x80, 0x80, 0x80, 0x80,
                 ;0x80, 0x80, 0x80, 0x80, 0x80, 0x80, 0x80, 0x80,
                 ;0x80, 0x80, 0x80, 0x80, 0x80, 0x80, 0x80, 0x80,
                 ;0xFF, 0x00, 0x00, 0x00, 0x00, 0x00, 0x00, 0x00,
                 ;0x00, 0x00, 0x00, 0x00, 0x00, 0x00, 0x00, 0x00,
                 ;0x00, 0x00, 0x00, 0x00, 0x00, 0x00, 0x00, 0x00,
                 ;0x00, 0x00, 0x00, 0x00, 0x00, 0x00, 0x00, 0x00,
                 ;0x00, 0x00, 0x00, 0x00, 0x00, 0x00, 0x00, 0x00,
                 ;0x00, 0x00, 0x00, 0x00, 0x00, 0x00, 0x00, 0x00,
                 ;0x00, 0x00, 0x00, 0x00, 0x00, 0x00, 0x00, 0x00,
                 ;0x00, 0x00, 0x00, 0x00, 0x00, 0x00, 0x00, 0x00,
                 ;0x00, 0x00, 0x00, 0x00, 0x00, 0x00, 0x00, 0x00,
                 ;0x00, 0x00, 0x00, 0x00, 0x00, 0x00, 0x00, 0x00,
                 ;0x00, 0x00, 0x00, 0x00, 0x00, 0x00, 0x00, 0x00,
                 ;0x00, 0x00, 0x00, 0x00, 0x00, 0x00, 0x00, 0x00,
                 ;0x00, 0x00, 0x00, 0x00, 0x00, 0x00, 0x00, 0x00,
                 ;0x00, 0x00, 0x00, 0x00, 0x00, 0x00, 0x00, 0x00,
                 ;0x00, 0x00, 0x00, 0x00, 0x00, 0x00, 0x00, 0x00,
                 ;0x00, 0x00, 0x00, 0x00, 0x00, 0x00, 0x00, 0x00,
                 ;0x00, 0x00, 0x00, 0x00, 0x00, 0x00, 0x00, 0x00,
                 ;0x00, 0x00, 0x00, 0x00, 0x00, 0x00, 0x00, 0x00,
                 ;0x00, 0x00, 0x00, 0x00, 0x00, 0x00, 0x00, 0x00,
                 ;0x00, 0x00, 0x00, 0x00, 0x00, 0x00, 0x00, 0x00,
                 ;0x00, 0x00, 0x00, 0x00, 0x00, 0x00, 0x00, 0x00,
                 ;0x00, 0x00, 0x00, 0x00, 0x00, 0x00, 0x00, 0x00,
                 ;0x00, 0x00, 0x00, 0x00, 0x00, 0x00, 0x00, 0x00,
                 ;0x00, 0x00, 0x00, 0x00, 0x00, 0x00, 0x00, 0x00,
                 ;0x00, 0x00, 0x00, 0x00, 0x00, 0x00, 0x00, 0x00,
                 ;0x00, 0x00, 0x00, 0x00, 0x00, 0x00, 0x00, 0x00,
                 ;0x00, 0x00, 0x00, 0x00, 0x00, 0x00, 0x00, 0x00,
                 ;0x00, 0x00, 0x00, 0x00, 0x00, 0x00, 0x00, 0x00,
                 ;0x00, 0x00, 0x00, 0x00, 0x00, 0x00, 0x00, 0x00,
                 ;0x00, 0x00, 0x00, 0x00, 0x00, 0x00, 0x00, 0x00,
                 ;0x00, 0x00, 0x00, 0x00, 0x00, 0x00, 0x00, 0x00,
                 ;0x00, 0x00, 0x00, 0x00, 0x00, 0x00, 0x00, 0x00,
                 ;0x00, 0x00, 0x00, 0x00, 0x00, 0x00, 0x00, 0x00,
                 ;0x00, 0x00, 0x00, 0x00, 0x00, 0x00, 0x00, 0x00,
                 ;0x00, 0x00, 0x00, 0x00, 0x00, 0x00, 0x00, 0x00,
                 ;0x00, 0x00, 0x00, 0x00, 0x00, 0x00, 0x00, 0x00,
                 ;0x00, 0x00, 0x00, 0x00, 0x00, 0x00, 0x00, 0x00,
                 ;0x00, 0x00, 0x00, 0x00, 0x00, 0x00, 0x00, 0x00,
                 ;0x00, 0x00, 0x00, 0x00, 0x00, 0x00, 0x00, 0x00,
                 ;0x00, 0x00, 0x00, 0x00, 0x00, 0x00, 0x00, 0x00,
                 ;0x00, 0x00, 0x00, 0x00, 0x00, 0x00, 0x00, 0x00,
                 ;0x00, 0x00, 0x00, 0x00, 0x00, 0x00, 0x00, 0x00,
                 ;0x00, 0x00, 0x00, 0x00, 0x00, 0x00, 0x00, 0x00,
                 ;0x00, 0x00, 0x00, 0x00, 0x00, 0x00, 0x00, 0x00,
                 ;0x00, 0x00, 0x00, 0x00, 0x00, 0x00, 0x00, 0x00,
                 ;0x00, 0x00, 0x00, 0x00, 0x00, 0x00, 0x00, 0x00,
                 ;0x00, 0x00, 0x00, 0x00, 0x00, 0x00, 0x00, 0x00,
                 ;0x00, 0x00, 0x00, 0x00, 0x00, 0x00, 0x00, 0x00,
                 ;0x00, 0x00, 0x00, 0x00, 0x00, 0x00, 0x00, 0x00,
                 ;0x00, 0x00, 0x00, 0x00, 0x00, 0x00, 0x00, 0x00,
                 ;#endif
                 ;};
                 ;
                 ;#include "image3.c"
                 ;/****************************************************************************
                 ;Image data created by the LCD Vision V1.05 font & image editor/converter
                 ;(C) Copyright 2011-2013 Pavel Haiduc, HP InfoTech s.r.l.
                 ;http://www.hpinfotech.com
                 ;
                 ;Graphic LCD controller: KS0108 128x64 CS1,CS2
                 ;Image width: 128 pixels
                 ;Image height: 64 pixels
                 ;Color depth: 1 bits/pixel
                 ;Imported image file name: image3.bmp
                 ;
                 ;Exported monochrome image data size:
                 ;1028 bytes for displays organized as horizontal rows of bytes
                 ;1028 bytes for displays organized as rows of vertical bytes.
                 ;****************************************************************************/
                 ;
                 ;flash unsigned char image3[]=
                 ;{
                 ;/* Image width: 128 pixels */
                 ;0x80, 0x00,
                 ;/* Image height: 64 pixels */
                 ;0x40, 0x00,
                 ;#ifndef _GLCD_DATA_BYTEY_
                 ;/* Image data for monochrome displays organized
                 ;   as horizontal rows of bytes */
                 ;0x00, 0x00, 0x00, 0x00, 0x00, 0x00, 0x00, 0x00,
                 ;0x00, 0x00, 0x00, 0x00, 0x00, 0x00, 0x00, 0x00,
                 ;0x00, 0x00, 0x00, 0x00, 0x00, 0x00, 0x00, 0x00,
                 ;0x00, 0x00, 0x00, 0x00, 0x00, 0x00, 0x00, 0x00,
                 ;0x00, 0x00, 0x00, 0x00, 0x00, 0x00, 0x00, 0x00,
                 ;0x00, 0x00, 0x00, 0x00, 0x00, 0x00, 0x00, 0x00,
                 ;0x00, 0x00, 0x00, 0x00, 0x00, 0x00, 0x00, 0x00,
                 ;0x00, 0x00, 0x00, 0x00, 0x00, 0x00, 0x00, 0x00,
                 ;0x00, 0x00, 0x00, 0x00, 0x00, 0x00, 0x00, 0x00,
                 ;0x00, 0x00, 0x00, 0x00, 0x00, 0x00, 0x00, 0x00,
                 ;0x00, 0x00, 0x00, 0x00, 0x00, 0x00, 0x00, 0x00,
                 ;0x00, 0x00, 0x00, 0x00, 0x00, 0x00, 0x00, 0x00,
                 ;0x00, 0xFF, 0xFF, 0xFF, 0xFF, 0xFF, 0xFF, 0x07,
                 ;0xE0, 0xFF, 0xFF, 0xFF, 0xFF, 0xFF, 0xFF, 0x00,
                 ;0x00, 0x21, 0x00, 0x00, 0x00, 0x00, 0x00, 0x04,
                 ;0x20, 0x04, 0x00, 0x00, 0x00, 0x00, 0x80, 0x00,
                 ;0x00, 0x21, 0x00, 0x00, 0x00, 0x00, 0x00, 0x04,
                 ;0x20, 0x04, 0x00, 0x00, 0x00, 0x00, 0x80, 0x00,
                 ;0x00, 0x21, 0x00, 0x00, 0x00, 0x00, 0x00, 0x04,
                 ;0x20, 0x04, 0x00, 0x00, 0x00, 0x00, 0x80, 0x00,
                 ;0x00, 0x3F, 0x00, 0x60, 0x00, 0x00, 0x00, 0x04,
                 ;0xE0, 0x07, 0x00, 0x0C, 0x00, 0x00, 0x80, 0x00,
                 ;0x00, 0xC1, 0x0F, 0x60, 0x00, 0x00, 0x0C, 0x04,
                 ;0x20, 0xF8, 0x01, 0x0C, 0x00, 0xE0, 0x81, 0x00,
                 ;0x00, 0xC1, 0x18, 0x60, 0x00, 0x00, 0x0F, 0x04,
                 ;0x20, 0x18, 0x03, 0x0C, 0x00, 0x10, 0x83, 0x00,
                 ;0x00, 0xC1, 0x98, 0x67, 0x9C, 0x31, 0x0F, 0x04,
                 ;0x20, 0x18, 0xF3, 0x8C, 0x33, 0x06, 0x83, 0x00,
                 ;0x00, 0xC1, 0x98, 0x6C, 0xB2, 0x31, 0x0C, 0x04,
                 ;0x20, 0x18, 0x93, 0x4D, 0x36, 0x06, 0x83, 0x00,
                 ;0x00, 0xC1, 0xC7, 0x6C, 0x30, 0x1B, 0x0C, 0x04,
                 ;0x20, 0xF8, 0x98, 0x0D, 0x66, 0x83, 0x81, 0x00,
                 ;0x00, 0xC1, 0xCC, 0x6F, 0x3E, 0x1B, 0x0C, 0x04,
                 ;0x20, 0x98, 0xF9, 0xCD, 0x67, 0xE3, 0x80, 0x00,
                 ;0x00, 0xC1, 0xD8, 0x60, 0x33, 0x0A, 0x0C, 0x04,
                 ;0x20, 0x18, 0x1B, 0x6C, 0x46, 0x61, 0x80, 0x00,
                 ;0x00, 0xC1, 0xD8, 0x64, 0x33, 0x0A, 0x0C, 0x04,
                 ;0x20, 0x18, 0x9B, 0x6C, 0x46, 0x31, 0x80, 0x00,
                 ;0x00, 0xC1, 0xB0, 0x63, 0x3E, 0x0E, 0x0C, 0x04,
                 ;0x20, 0x18, 0x76, 0xCC, 0xC7, 0xF1, 0x83, 0x00,
                 ;0x00, 0x01, 0x00, 0x00, 0x00, 0x06, 0x00, 0x04,
                 ;0x20, 0x00, 0x00, 0x00, 0xC0, 0x00, 0x80, 0x00,
                 ;0x00, 0x01, 0x00, 0x00, 0x00, 0x06, 0x00, 0x04,
                 ;0x20, 0x00, 0x00, 0x00, 0xC0, 0x00, 0x80, 0x00,
                 ;0x00, 0x01, 0x00, 0x00, 0x80, 0x03, 0x00, 0x04,
                 ;0x20, 0x00, 0x00, 0x00, 0x70, 0x00, 0x80, 0x00,
                 ;0x00, 0x01, 0x00, 0x00, 0x00, 0x00, 0x00, 0x04,
                 ;0x20, 0x00, 0x00, 0x00, 0x00, 0x00, 0x80, 0x00,
                 ;0x00, 0xFF, 0xFF, 0xFF, 0xFF, 0xFF, 0xFF, 0x07,
                 ;0xE0, 0xFF, 0xFF, 0xFF, 0xFF, 0xFF, 0xFF, 0x00,
                 ;0x00, 0x00, 0x00, 0x00, 0x00, 0x00, 0x00, 0x00,
                 ;0x00, 0x00, 0x00, 0x00, 0x00, 0x00, 0x00, 0x00,
                 ;0x00, 0x00, 0x00, 0x00, 0x00, 0x00, 0x00, 0x00,
                 ;0x00, 0x00, 0x00, 0x00, 0x00, 0x00, 0x00, 0x00,
                 ;0x00, 0x00, 0x00, 0x00, 0x00, 0x00, 0x00, 0x00,
                 ;0x00, 0x00, 0x00, 0x00, 0x00, 0x00, 0x00, 0x00,
                 ;0x00, 0x00, 0x00, 0x00, 0x00, 0x00, 0x00, 0x00,
                 ;0x00, 0x00, 0x00, 0x00, 0x00, 0x00, 0x00, 0x00,
                 ;0x00, 0x00, 0x00, 0x00, 0x00, 0x00, 0x00, 0x00,
                 ;0x00, 0x00, 0x00, 0x00, 0x00, 0x00, 0x00, 0x00,
                 ;0x00, 0x00, 0x00, 0x00, 0x00, 0x00, 0x00, 0x00,
                 ;0x00, 0x00, 0x00, 0x00, 0x00, 0x00, 0x00, 0x00,
                 ;0x00, 0x00, 0x00, 0x00, 0x00, 0x00, 0x00, 0x00,
                 ;0x00, 0x00, 0x00, 0x00, 0x00, 0x00, 0x00, 0x00,
                 ;0x00, 0x00, 0x00, 0x00, 0x00, 0x00, 0x00, 0x00,
                 ;0x00, 0x00, 0x00, 0x00, 0x00, 0x00, 0x00, 0x00,
                 ;0x00, 0x00, 0x00, 0x00, 0x00, 0x00, 0x00, 0x00,
                 ;0x00, 0x00, 0x00, 0x00, 0x00, 0x00, 0x00, 0x00,
                 ;0x00, 0x00, 0x00, 0x00, 0x00, 0x00, 0x00, 0x00,
                 ;0x00, 0x00, 0x00, 0x00, 0x00, 0x00, 0x00, 0x00,
                 ;0x00, 0x00, 0x00, 0x00, 0x00, 0x00, 0x00, 0x00,
                 ;0x00, 0x00, 0x00, 0x00, 0x00, 0x00, 0x00, 0x00,
                 ;0x00, 0x00, 0x00, 0x00, 0x00, 0x00, 0x00, 0x00,
                 ;0x00, 0x00, 0x00, 0x00, 0x00, 0x00, 0x00, 0x00,
                 ;0x00, 0x00, 0x00, 0x00, 0x00, 0x00, 0x00, 0x00,
                 ;0x00, 0x00, 0x00, 0x00, 0x00, 0x00, 0x00, 0x00,
                 ;0x00, 0x00, 0x00, 0x00, 0x00, 0x00, 0x00, 0x00,
                 ;0x00, 0x00, 0x00, 0x00, 0x00, 0x00, 0x00, 0x00,
                 ;0x00, 0xFF, 0xFF, 0xFF, 0xFF, 0xFF, 0xFF, 0x07,
                 ;0xE0, 0xFF, 0xFF, 0xFF, 0xFF, 0xFF, 0xFF, 0x00,
                 ;0x00, 0x21, 0x00, 0x00, 0x00, 0x00, 0x00, 0x04,
                 ;0x20, 0x04, 0x00, 0x00, 0x00, 0x00, 0x80, 0x00,
                 ;0x00, 0x21, 0x00, 0x00, 0x00, 0x00, 0x00, 0x04,
                 ;0x20, 0x04, 0x00, 0x00, 0x00, 0x00, 0x80, 0x00,
                 ;0x00, 0x21, 0x00, 0x00, 0x00, 0x00, 0x00, 0x04,
                 ;0x20, 0x04, 0x00, 0x00, 0x00, 0x00, 0x80, 0x00,
                 ;0x00, 0x3F, 0x00, 0x60, 0x00, 0x00, 0x00, 0x04,
                 ;0xE0, 0x07, 0x00, 0x0C, 0x00, 0x00, 0x80, 0x00,
                 ;0x00, 0xC1, 0x0F, 0x60, 0x00, 0x00, 0x0F, 0x04,
                 ;0x20, 0xF8, 0x01, 0x0C, 0x00, 0x00, 0x83, 0x00,
                 ;0x00, 0xC1, 0x18, 0x60, 0x00, 0x80, 0x18, 0x04,
                 ;0x20, 0x18, 0x03, 0x0C, 0x00, 0x80, 0x83, 0x00,
                 ;0x00, 0xC1, 0x98, 0x67, 0x9C, 0x31, 0x18, 0x04,
                 ;0x20, 0x18, 0xF3, 0x8C, 0x33, 0xC6, 0x83, 0x00,
                 ;0x00, 0xC1, 0x98, 0x6C, 0xB2, 0x31, 0x18, 0x04,
                 ;0x20, 0x18, 0x93, 0x4D, 0x36, 0x66, 0x83, 0x00,
                 ;0x00, 0xC1, 0xC7, 0x6C, 0x30, 0x1B, 0x07, 0x04,
                 ;0x20, 0xF8, 0x98, 0x0D, 0x66, 0x73, 0x83, 0x00,
                 ;0x00, 0xC1, 0xCC, 0x6F, 0x3E, 0x1B, 0x18, 0x04,
                 ;0x20, 0x98, 0xF9, 0xCD, 0x67, 0x3B, 0x83, 0x00,
                 ;0x00, 0xC1, 0xD8, 0x60, 0x33, 0x0A, 0x18, 0x04,
                 ;0x20, 0x18, 0x1B, 0x6C, 0x46, 0xF9, 0x87, 0x00,
                 ;0x00, 0xC1, 0xD8, 0x64, 0x33, 0x8A, 0x18, 0x04,
                 ;0x20, 0x18, 0x9B, 0x6C, 0x46, 0x01, 0x83, 0x00,
                 ;0x00, 0xC1, 0xB0, 0x63, 0x3E, 0x0E, 0x0F, 0x04,
                 ;0x20, 0x18, 0x76, 0xCC, 0xC7, 0x01, 0x83, 0x00,
                 ;0x00, 0x01, 0x00, 0x00, 0x00, 0x06, 0x00, 0x04,
                 ;0x20, 0x00, 0x00, 0x00, 0xC0, 0x00, 0x80, 0x00,
                 ;0x00, 0x01, 0x00, 0x00, 0x00, 0x06, 0x00, 0x04,
                 ;0x20, 0x00, 0x00, 0x00, 0xC0, 0x00, 0x80, 0x00,
                 ;0x00, 0x01, 0x00, 0x00, 0x80, 0x03, 0x00, 0x04,
                 ;0x20, 0x00, 0x00, 0x00, 0x70, 0x00, 0x80, 0x00,
                 ;0x00, 0x01, 0x00, 0x00, 0x00, 0x00, 0x00, 0x04,
                 ;0x20, 0x00, 0x00, 0x00, 0x00, 0x00, 0x80, 0x00,
                 ;0x00, 0xFF, 0xFF, 0xFF, 0xFF, 0xFF, 0xFF, 0x07,
                 ;0xE0, 0xFF, 0xFF, 0xFF, 0xFF, 0xFF, 0xFF, 0x00,
                 ;0x00, 0x00, 0x00, 0x00, 0x00, 0x00, 0x00, 0x00,
                 ;0x00, 0x00, 0x00, 0x00, 0x00, 0x00, 0x00, 0x00,
                 ;0x00, 0x00, 0x00, 0x00, 0x00, 0x00, 0x00, 0x00,
                 ;0x00, 0x00, 0x00, 0x00, 0x00, 0x00, 0x00, 0x00,
                 ;0x00, 0x00, 0x00, 0x00, 0x00, 0x00, 0x00, 0x00,
                 ;0x00, 0x00, 0x00, 0x00, 0x00, 0x00, 0x00, 0x00,
                 ;0x00, 0x00, 0x00, 0x00, 0x00, 0x00, 0x00, 0x00,
                 ;0x00, 0x00, 0x00, 0x00, 0x00, 0x00, 0x00, 0x00,
                 ;0x00, 0x00, 0x00, 0x00, 0x00, 0x00, 0x00, 0x00,
                 ;0x00, 0x00, 0x00, 0x00, 0x00, 0x00, 0x00, 0x00,
                 ;0x00, 0x00, 0x00, 0x00, 0x00, 0x00, 0x00, 0x00,
                 ;0x00, 0x00, 0x00, 0x00, 0x00, 0x00, 0x00, 0x00,
                 ;#else
                 ;/* Image data for monochrome displays organized
                 ;   as rows of vertical bytes */
                 ;0x00, 0x00, 0x00, 0x00, 0x00, 0x00, 0x00, 0x00,
                 ;0xC0, 0x40, 0x40, 0x40, 0x40, 0xC0, 0x40, 0x40,
                 ;0x40, 0x40, 0x40, 0x40, 0x40, 0x40, 0x40, 0x40,
                 ;0x40, 0x40, 0x40, 0x40, 0x40, 0x40, 0x40, 0x40,
                 ;0x40, 0x40, 0x40, 0x40, 0x40, 0x40, 0x40, 0x40,
                 ;0x40, 0x40, 0x40, 0x40, 0x40, 0x40, 0x40, 0x40,
                 ;0x40, 0x40, 0x40, 0x40, 0x40, 0x40, 0x40, 0x40,
                 ;0x40, 0x40, 0xC0, 0x00, 0x00, 0x00, 0x00, 0x00,
                 ;0x00, 0x00, 0x00, 0x00, 0x00, 0xC0, 0x40, 0x40,
                 ;0x40, 0x40, 0xC0, 0x40, 0x40, 0x40, 0x40, 0x40,
                 ;0x40, 0x40, 0x40, 0x40, 0x40, 0x40, 0x40, 0x40,
                 ;0x40, 0x40, 0x40, 0x40, 0x40, 0x40, 0x40, 0x40,
                 ;0x40, 0x40, 0x40, 0x40, 0x40, 0x40, 0x40, 0x40,
                 ;0x40, 0x40, 0x40, 0x40, 0x40, 0x40, 0x40, 0x40,
                 ;0x40, 0x40, 0x40, 0x40, 0x40, 0x40, 0x40, 0xC0,
                 ;0x00, 0x00, 0x00, 0x00, 0x00, 0x00, 0x00, 0x00,
                 ;0x00, 0x00, 0x00, 0x00, 0x00, 0x00, 0x00, 0x00,
                 ;0xFF, 0x04, 0x04, 0x04, 0x04, 0x07, 0xF8, 0xF8,
                 ;0x88, 0x88, 0x88, 0x78, 0x70, 0x00, 0x80, 0xE0,
                 ;0x20, 0x20, 0xE0, 0xC0, 0x00, 0xFC, 0xFC, 0x00,
                 ;0x00, 0x40, 0x20, 0x20, 0xE0, 0xC0, 0x00, 0x60,
                 ;0xE0, 0x80, 0x00, 0x80, 0xE0, 0x60, 0x00, 0x00,
                 ;0x30, 0x30, 0xF8, 0xF8, 0x00, 0x00, 0x00, 0x00,
                 ;0x00, 0x00, 0xFF, 0x00, 0x00, 0x00, 0x00, 0x00,
                 ;0x00, 0x00, 0x00, 0x00, 0x00, 0xFF, 0x04, 0x04,
                 ;0x04, 0x04, 0x07, 0xF8, 0xF8, 0x88, 0x88, 0x88,
                 ;0x78, 0x70, 0x00, 0x80, 0xE0, 0x20, 0x20, 0xE0,
                 ;0xC0, 0x00, 0xFC, 0xFC, 0x00, 0x00, 0x40, 0x20,
                 ;0x20, 0xE0, 0xC0, 0x00, 0x60, 0xE0, 0x80, 0x00,
                 ;0x80, 0xE0, 0x60, 0x00, 0x10, 0x08, 0x08, 0x88,
                 ;0xF8, 0x70, 0x00, 0x00, 0x00, 0x00, 0x00, 0xFF,
                 ;0x00, 0x00, 0x00, 0x00, 0x00, 0x00, 0x00, 0x00,
                 ;0x00, 0x00, 0x00, 0x00, 0x00, 0x00, 0x00, 0x00,
                 ;0xFF, 0x00, 0x00, 0x00, 0x00, 0x00, 0x0F, 0x0F,
                 ;0x00, 0x00, 0x01, 0x07, 0x0E, 0x08, 0x07, 0x0F,
                 ;0x09, 0x09, 0x05, 0x01, 0x00, 0x0F, 0x0F, 0x00,
                 ;0x06, 0x0F, 0x09, 0x09, 0x0F, 0x0F, 0x00, 0x40,
                 ;0x41, 0x7F, 0x38, 0x0F, 0x01, 0x00, 0x00, 0x00,
                 ;0x00, 0x00, 0x0F, 0x0F, 0x00, 0x00, 0x00, 0x00,
                 ;0x00, 0x00, 0xFF, 0x00, 0x00, 0x00, 0x00, 0x00,
                 ;0x00, 0x00, 0x00, 0x00, 0x00, 0xFF, 0x00, 0x00,
                 ;0x00, 0x00, 0x00, 0x0F, 0x0F, 0x00, 0x00, 0x01,
                 ;0x07, 0x0E, 0x08, 0x07, 0x0F, 0x09, 0x09, 0x05,
                 ;0x01, 0x00, 0x0F, 0x0F, 0x00, 0x06, 0x0F, 0x09,
                 ;0x09, 0x0F, 0x0F, 0x00, 0x40, 0x41, 0x7F, 0x38,
                 ;0x0F, 0x01, 0x00, 0x00, 0x0C, 0x0F, 0x0B, 0x09,
                 ;0x08, 0x08, 0x00, 0x00, 0x00, 0x00, 0x00, 0xFF,
                 ;0x00, 0x00, 0x00, 0x00, 0x00, 0x00, 0x00, 0x00,
                 ;0x00, 0x00, 0x00, 0x00, 0x00, 0x00, 0x00, 0x00,
                 ;0x01, 0x01, 0x01, 0x01, 0x01, 0x01, 0x01, 0x01,
                 ;0x01, 0x01, 0x01, 0x01, 0x01, 0x01, 0x01, 0x01,
                 ;0x01, 0x01, 0x01, 0x01, 0x01, 0x01, 0x01, 0x01,
                 ;0x01, 0x01, 0x01, 0x01, 0x01, 0x01, 0x01, 0x01,
                 ;0x01, 0x01, 0x01, 0x01, 0x01, 0x01, 0x01, 0x01,
                 ;0x01, 0x01, 0x01, 0x01, 0x01, 0x01, 0x01, 0x01,
                 ;0x01, 0x01, 0x01, 0x00, 0x00, 0x00, 0x00, 0x00,
                 ;0x00, 0x00, 0x00, 0x00, 0x00, 0x01, 0x01, 0x01,
                 ;0x01, 0x01, 0x01, 0x01, 0x01, 0x01, 0x01, 0x01,
                 ;0x01, 0x01, 0x01, 0x01, 0x01, 0x01, 0x01, 0x01,
                 ;0x01, 0x01, 0x01, 0x01, 0x01, 0x01, 0x01, 0x01,
                 ;0x01, 0x01, 0x01, 0x01, 0x01, 0x01, 0x01, 0x01,
                 ;0x01, 0x01, 0x01, 0x01, 0x01, 0x01, 0x01, 0x01,
                 ;0x01, 0x01, 0x01, 0x01, 0x01, 0x01, 0x01, 0x01,
                 ;0x00, 0x00, 0x00, 0x00, 0x00, 0x00, 0x00, 0x00,
                 ;0x00, 0x00, 0x00, 0x00, 0x00, 0x00, 0x00, 0x00,
                 ;0x80, 0x80, 0x80, 0x80, 0x80, 0x80, 0x80, 0x80,
                 ;0x80, 0x80, 0x80, 0x80, 0x80, 0x80, 0x80, 0x80,
                 ;0x80, 0x80, 0x80, 0x80, 0x80, 0x80, 0x80, 0x80,
                 ;0x80, 0x80, 0x80, 0x80, 0x80, 0x80, 0x80, 0x80,
                 ;0x80, 0x80, 0x80, 0x80, 0x80, 0x80, 0x80, 0x80,
                 ;0x80, 0x80, 0x80, 0x80, 0x80, 0x80, 0x80, 0x80,
                 ;0x80, 0x80, 0x80, 0x00, 0x00, 0x00, 0x00, 0x00,
                 ;0x00, 0x00, 0x00, 0x00, 0x00, 0x80, 0x80, 0x80,
                 ;0x80, 0x80, 0x80, 0x80, 0x80, 0x80, 0x80, 0x80,
                 ;0x80, 0x80, 0x80, 0x80, 0x80, 0x80, 0x80, 0x80,
                 ;0x80, 0x80, 0x80, 0x80, 0x80, 0x80, 0x80, 0x80,
                 ;0x80, 0x80, 0x80, 0x80, 0x80, 0x80, 0x80, 0x80,
                 ;0x80, 0x80, 0x80, 0x80, 0x80, 0x80, 0x80, 0x80,
                 ;0x80, 0x80, 0x80, 0x80, 0x80, 0x80, 0x80, 0x80,
                 ;0x00, 0x00, 0x00, 0x00, 0x00, 0x00, 0x00, 0x00,
                 ;0x00, 0x00, 0x00, 0x00, 0x00, 0x00, 0x00, 0x00,
                 ;0xFF, 0x08, 0x08, 0x08, 0x08, 0x0F, 0xF0, 0xF0,
                 ;0x10, 0x10, 0x10, 0xF0, 0xE0, 0x00, 0x00, 0xC0,
                 ;0x40, 0x40, 0xC0, 0x80, 0x00, 0xF8, 0xF8, 0x00,
                 ;0x00, 0x80, 0x40, 0x40, 0xC0, 0x80, 0x00, 0xC0,
                 ;0xC0, 0x00, 0x00, 0x00, 0xC0, 0xC0, 0x00, 0x20,
                 ;0x10, 0x10, 0x10, 0xF0, 0xE0, 0x00, 0x00, 0x00,
                 ;0x00, 0x00, 0xFF, 0x00, 0x00, 0x00, 0x00, 0x00,
                 ;0x00, 0x00, 0x00, 0x00, 0x00, 0xFF, 0x08, 0x08,
                 ;0x08, 0x08, 0x0F, 0xF0, 0xF0, 0x10, 0x10, 0x10,
                 ;0xF0, 0xE0, 0x00, 0x00, 0xC0, 0x40, 0x40, 0xC0,
                 ;0x80, 0x00, 0xF8, 0xF8, 0x00, 0x00, 0x80, 0x40,
                 ;0x40, 0xC0, 0x80, 0x00, 0xC0, 0xC0, 0x00, 0x00,
                 ;0x00, 0xC0, 0xC0, 0x00, 0x00, 0x80, 0xC0, 0x60,
                 ;0xF0, 0xF0, 0x00, 0x00, 0x00, 0x00, 0x00, 0xFF,
                 ;0x00, 0x00, 0x00, 0x00, 0x00, 0x00, 0x00, 0x00,
                 ;0x00, 0x00, 0x00, 0x00, 0x00, 0x00, 0x00, 0x00,
                 ;0xFF, 0x00, 0x00, 0x00, 0x00, 0x00, 0x1F, 0x1F,
                 ;0x01, 0x01, 0x03, 0x0E, 0x1C, 0x10, 0x0F, 0x1F,
                 ;0x12, 0x12, 0x0B, 0x03, 0x00, 0x1F, 0x1F, 0x00,
                 ;0x0C, 0x1E, 0x12, 0x12, 0x1F, 0x1F, 0x00, 0x80,
                 ;0x83, 0xFF, 0x70, 0x1F, 0x03, 0x00, 0x00, 0x08,
                 ;0x11, 0x11, 0x11, 0x1E, 0x0E, 0x00, 0x00, 0x00,
                 ;0x00, 0x00, 0xFF, 0x00, 0x00, 0x00, 0x00, 0x00,
                 ;0x00, 0x00, 0x00, 0x00, 0x00, 0xFF, 0x00, 0x00,
                 ;0x00, 0x00, 0x00, 0x1F, 0x1F, 0x01, 0x01, 0x03,
                 ;0x0E, 0x1C, 0x10, 0x0F, 0x1F, 0x12, 0x12, 0x0B,
                 ;0x03, 0x00, 0x1F, 0x1F, 0x00, 0x0C, 0x1E, 0x12,
                 ;0x12, 0x1F, 0x1F, 0x00, 0x80, 0x83, 0xFF, 0x70,
                 ;0x1F, 0x03, 0x00, 0x06, 0x07, 0x07, 0x05, 0x04,
                 ;0x1F, 0x1F, 0x04, 0x00, 0x00, 0x00, 0x00, 0xFF,
                 ;0x00, 0x00, 0x00, 0x00, 0x00, 0x00, 0x00, 0x00,
                 ;0x00, 0x00, 0x00, 0x00, 0x00, 0x00, 0x00, 0x00,
                 ;0x03, 0x02, 0x02, 0x02, 0x02, 0x02, 0x02, 0x02,
                 ;0x02, 0x02, 0x02, 0x02, 0x02, 0x02, 0x02, 0x02,
                 ;0x02, 0x02, 0x02, 0x02, 0x02, 0x02, 0x02, 0x02,
                 ;0x02, 0x02, 0x02, 0x02, 0x02, 0x02, 0x02, 0x02,
                 ;0x02, 0x02, 0x02, 0x02, 0x02, 0x02, 0x02, 0x02,
                 ;0x02, 0x02, 0x02, 0x02, 0x02, 0x02, 0x02, 0x02,
                 ;0x02, 0x02, 0x03, 0x00, 0x00, 0x00, 0x00, 0x00,
                 ;0x00, 0x00, 0x00, 0x00, 0x00, 0x03, 0x02, 0x02,
                 ;0x02, 0x02, 0x02, 0x02, 0x02, 0x02, 0x02, 0x02,
                 ;0x02, 0x02, 0x02, 0x02, 0x02, 0x02, 0x02, 0x02,
                 ;0x02, 0x02, 0x02, 0x02, 0x02, 0x02, 0x02, 0x02,
                 ;0x02, 0x02, 0x02, 0x02, 0x02, 0x02, 0x02, 0x02,
                 ;0x02, 0x02, 0x02, 0x02, 0x02, 0x02, 0x02, 0x02,
                 ;0x02, 0x02, 0x02, 0x02, 0x02, 0x02, 0x02, 0x03,
                 ;0x00, 0x00, 0x00, 0x00, 0x00, 0x00, 0x00, 0x00,
                 ;#endif
                 ;};
                 ;
                 ;// Declare your global variables here
                 ;int i,d,ls,devicenum=0;
                 ;int outstatus[4];
                 ;void loading(void)
                 ; 0000 0027 {
                 
                 	.CSEG
                 _loading:
                 ; .FSTART _loading
                 ; 0000 0028 
                 ; 0000 0029 
                 ; 0000 002A         glcd_putimagef(0,0,image,GLCD_PUTCOPY);
000567 940e 0e2a 	CALL SUBOPT_0x0
000569 e3e8      	LDI  R30,LOW(_image*2)
00056a e0f2      	LDI  R31,HIGH(_image*2)
00056b 940e 0e2e 	CALL SUBOPT_0x1
                 ; 0000 002B         glcd_outtextxy(37,15,"Loding...");
00056d e2e5      	LDI  R30,LOW(37)
00056e 93ea      	ST   -Y,R30
00056f e0ef      	LDI  R30,LOW(15)
000570 93ea      	ST   -Y,R30
                +
000571 e6a0     +LDI R26 , LOW ( _0x3 + ( 0 ) )
000572 e0b2     +LDI R27 , HIGH ( _0x3 + ( 0 ) )
                 	__POINTW2MN _0x3,0
000573 940e 0bec 	CALL _glcd_outtextxy
                 ; 0000 002C         delay_ms(400);
000575 e9a0      	LDI  R26,LOW(400)
000576 e0b1      	LDI  R27,HIGH(400)
000577 940e 0f0f 	CALL _delay_ms
                 ; 0000 002D         for(i=14;i<112;i++)
000579 e0ee      	LDI  R30,LOW(14)
00057a e0f0      	LDI  R31,HIGH(14)
00057b 012f      	MOVW R4,R30
                 _0x5:
00057c e7e0      	LDI  R30,LOW(112)
00057d e0f0      	LDI  R31,HIGH(112)
00057e 164e      	CP   R4,R30
00057f 065f      	CPC  R5,R31
000580 f53c      	BRGE _0x6
                 ; 0000 002E         {
                 ; 0000 002F                 delay_ms(d);
000581 01d3      	MOVW R26,R6
000582 940e 0f0f 	CALL _delay_ms
                 ; 0000 0030                 glcd_rectangle(14,27,i,38);
000584 e0ee      	LDI  R30,LOW(14)
000585 93ea      	ST   -Y,R30
000586 e1eb      	LDI  R30,LOW(27)
000587 93ea      	ST   -Y,R30
000588 924a      	ST   -Y,R4
000589 e2a6      	LDI  R26,LOW(38)
00058a 940e 0d75 	CALL _glcd_rectangle
                 ; 0000 0031                 if(i==30)
00058c e1ee      	LDI  R30,LOW(30)
00058d e0f0      	LDI  R31,HIGH(30)
00058e 15e4      	CP   R30,R4
00058f 05f5      	CPC  R31,R5
000590 f439      	BRNE _0x7
                 ; 0000 0032                 {
                 ; 0000 0033                     delay_ms(100);
000591 e6a4      	LDI  R26,LOW(100)
000592 e0b0      	LDI  R27,0
000593 940e 0f0f 	CALL _delay_ms
                 ; 0000 0034                     d=2;
000595 e0e2      	LDI  R30,LOW(2)
000596 e0f0      	LDI  R31,HIGH(2)
000597 013f      	MOVW R6,R30
                 ; 0000 0035                 }
                 ; 0000 0036                 if(i==90)
                 _0x7:
000598 e5ea      	LDI  R30,LOW(90)
000599 e0f0      	LDI  R31,HIGH(90)
00059a 15e4      	CP   R30,R4
00059b 05f5      	CPC  R31,R5
00059c f439      	BRNE _0x8
                 ; 0000 0037                 {
                 ; 0000 0038                     delay_ms(700);
00059d ebac      	LDI  R26,LOW(700)
00059e e0b2      	LDI  R27,HIGH(700)
00059f 940e 0f0f 	CALL _delay_ms
                 ; 0000 0039                     d=10;
0005a1 e0ea      	LDI  R30,LOW(10)
0005a2 e0f0      	LDI  R31,HIGH(10)
0005a3 013f      	MOVW R6,R30
                 ; 0000 003A                 }
                 ; 0000 003B 
                 ; 0000 003C         }
                 _0x8:
0005a4 01f2      	MOVW R30,R4
0005a5 9631      	ADIW R30,1
0005a6 012f      	MOVW R4,R30
0005a7 cfd4      	RJMP _0x5
                 _0x6:
                 ; 0000 003D         delay_ms(1500);
0005a8 edac      	LDI  R26,LOW(1500)
0005a9 e0b5      	LDI  R27,HIGH(1500)
0005aa 940e 0f0f 	CALL _delay_ms
                 ; 0000 003E         glcd_putimagef(0,0,image3,GLCD_PUTCOPY);       //MAIN PAGE
0005ac 940e 0e2a 	CALL SUBOPT_0x0
0005ae 940e 0e33 	CALL SUBOPT_0x2
                 ; 0000 003F }
0005b0 9508      	RET
                 ; .FEND
                 
                 	.DSEG
                 _0x3:
000260           	.BYTE 0xA
                 ;
                 ;void enchoder(void)
                 ; 0000 0042 {
                 
                 	.CSEG
                 _enchoder:
                 ; .FSTART _enchoder
                 ; 0000 0043                     if(PIND.0==PIND.1)
0005b1 940e 0e36 	CALL SUBOPT_0x3
0005b3 f429      	BRNE _0x9
                 ; 0000 0044                     {
                 ; 0000 0045                             ls=PIND.0;
0005b4 e0e0      	LDI  R30,0
0005b5 9980      	SBIC 0x10,0
0005b6 e0e1      	LDI  R30,1
0005b7 2e8e      	MOV  R8,R30
0005b8 2499      	CLR  R9
                 ; 0000 0046                     }
                 ; 0000 0047 
                 ; 0000 0048                     while(PIND.0==PIND.1);
                 _0x9:
                 _0xA:
0005b9 940e 0e36 	CALL SUBOPT_0x3
0005bb f3e9      	BREQ _0xA
                 ; 0000 0049 
                 ; 0000 004A                     if(ls==PIND.0)
0005bc e0e0      	LDI  R30,0
0005bd 9980      	SBIC 0x10,0
0005be e0e1      	LDI  R30,1
0005bf 01d4      	MOVW R26,R8
0005c0 e0f0      	LDI  R31,0
0005c1 17ea      	CP   R30,R26
0005c2 07fb      	CPC  R31,R27
0005c3 f441      	BRNE _0xD
                 ; 0000 004B                     {
                 ; 0000 004C                                     devicenum++;
0005c4 01f5      	MOVW R30,R10
0005c5 9631      	ADIW R30,1
0005c6 015f      	MOVW R10,R30
                 ; 0000 004D                                     if(devicenum>3)
0005c7 940e 0e3e 	CALL SUBOPT_0x4
0005c9 f414      	BRGE _0xE
                 ; 0000 004E                                     devicenum=0;
0005ca 24aa      	CLR  R10
0005cb 24bb      	CLR  R11
                 ; 0000 004F                     }
                 _0xE:
                 ; 0000 0050 
                 ; 0000 0051                     if(ls==PIND.1)
                 _0xD:
0005cc e0e0      	LDI  R30,0
0005cd 9981      	SBIC 0x10,1
0005ce e0e1      	LDI  R30,1
0005cf 01d4      	MOVW R26,R8
0005d0 e0f0      	LDI  R31,0
0005d1 17ea      	CP   R30,R26
0005d2 07fb      	CPC  R31,R27
0005d3 f451      	BRNE _0xF
                 ; 0000 0052                     {
                 ; 0000 0053                                     devicenum--;
0005d4 01f5      	MOVW R30,R10
0005d5 9731      	SBIW R30,1
0005d6 015f      	MOVW R10,R30
                 ; 0000 0054                                     if(devicenum<0)
0005d7 2400      	CLR  R0
0005d8 14a0      	CP   R10,R0
0005d9 04b0      	CPC  R11,R0
0005da f41c      	BRGE _0x10
                 ; 0000 0055                                     devicenum=3;
0005db e0e3      	LDI  R30,LOW(3)
0005dc e0f0      	LDI  R31,HIGH(3)
0005dd 015f      	MOVW R10,R30
                 ; 0000 0056                     }
                 _0x10:
                 ; 0000 0057                     while(PIND.0!=PIND.1);
                 _0xF:
                 _0x11:
0005de 940e 0e36 	CALL SUBOPT_0x3
0005e0 f7e9      	BRNE _0x11
                 ; 0000 0058 }
0005e1 9508      	RET
                 ; .FEND
                 ;
                 ;void select(void)
                 ; 0000 005B {
                 _select:
                 ; .FSTART _select
                 ; 0000 005C                  if(devicenum==0)
0005e2 2c0a      	MOV  R0,R10
0005e3 280b      	OR   R0,R11
0005e4 f469      	BRNE _0x14
                 ; 0000 005D                  {
                 ; 0000 005E 
                 ; 0000 005F                                   glcd_putimagef(0,0,image3,GLCD_PUTCOPY);
0005e5 940e 0e2a 	CALL SUBOPT_0x0
0005e7 940e 0e33 	CALL SUBOPT_0x2
                 ; 0000 0060                                   glcd_rectangle(7,5,59,25);
0005e9 e0e7      	LDI  R30,LOW(7)
0005ea 93ea      	ST   -Y,R30
0005eb e0e5      	LDI  R30,LOW(5)
0005ec 93ea      	ST   -Y,R30
0005ed e3eb      	LDI  R30,LOW(59)
0005ee 93ea      	ST   -Y,R30
0005ef e1a9      	LDI  R26,LOW(25)
0005f0 940e 0d75 	CALL _glcd_rectangle
                 ; 0000 0061                  }
                 ; 0000 0062 
                 ; 0000 0063                  if(devicenum==1)
                 _0x14:
0005f2 e0e1      	LDI  R30,LOW(1)
0005f3 e0f0      	LDI  R31,HIGH(1)
0005f4 15ea      	CP   R30,R10
0005f5 05fb      	CPC  R31,R11
0005f6 f469      	BRNE _0x15
                 ; 0000 0064                  {
                 ; 0000 0065 
                 ; 0000 0066                                   glcd_putimagef(0,0,image3,GLCD_PUTCOPY);
0005f7 940e 0e2a 	CALL SUBOPT_0x0
0005f9 940e 0e33 	CALL SUBOPT_0x2
                 ; 0000 0067                                   glcd_rectangle(68,5,120,25);
0005fb e4e4      	LDI  R30,LOW(68)
0005fc 93ea      	ST   -Y,R30
0005fd e0e5      	LDI  R30,LOW(5)
0005fe 93ea      	ST   -Y,R30
0005ff e7e8      	LDI  R30,LOW(120)
000600 93ea      	ST   -Y,R30
000601 e1a9      	LDI  R26,LOW(25)
000602 940e 0d75 	CALL _glcd_rectangle
                 ; 0000 0068                  }
                 ; 0000 0069 
                 ; 0000 006A                  if(devicenum==2)
                 _0x15:
000604 e0e2      	LDI  R30,LOW(2)
000605 e0f0      	LDI  R31,HIGH(2)
000606 15ea      	CP   R30,R10
000607 05fb      	CPC  R31,R11
000608 f469      	BRNE _0x16
                 ; 0000 006B                  {
                 ; 0000 006C 
                 ; 0000 006D                                   glcd_putimagef(0,0,image3,GLCD_PUTCOPY);
000609 940e 0e2a 	CALL SUBOPT_0x0
00060b 940e 0e33 	CALL SUBOPT_0x2
                 ; 0000 006E                                   glcd_rectangle(68,38,120,58);
00060d e4e4      	LDI  R30,LOW(68)
00060e 93ea      	ST   -Y,R30
00060f e2e6      	LDI  R30,LOW(38)
000610 93ea      	ST   -Y,R30
000611 e7e8      	LDI  R30,LOW(120)
000612 93ea      	ST   -Y,R30
000613 e3aa      	LDI  R26,LOW(58)
000614 940e 0d75 	CALL _glcd_rectangle
                 ; 0000 006F                  }
                 ; 0000 0070 
                 ; 0000 0071                  if(devicenum==3)
                 _0x16:
000616 940e 0e3e 	CALL SUBOPT_0x4
000618 f469      	BRNE _0x17
                 ; 0000 0072                  {
                 ; 0000 0073 
                 ; 0000 0074                                   glcd_putimagef(0,0,image3,GLCD_PUTCOPY);
000619 940e 0e2a 	CALL SUBOPT_0x0
00061b 940e 0e33 	CALL SUBOPT_0x2
                 ; 0000 0075                                   glcd_rectangle(7,38,59,58);
00061d e0e7      	LDI  R30,LOW(7)
00061e 93ea      	ST   -Y,R30
00061f e2e6      	LDI  R30,LOW(38)
000620 93ea      	ST   -Y,R30
000621 e3eb      	LDI  R30,LOW(59)
000622 93ea      	ST   -Y,R30
000623 e3aa      	LDI  R26,LOW(58)
000624 940e 0d75 	CALL _glcd_rectangle
                 ; 0000 0076                  }
                 ; 0000 0077 
                 ; 0000 0078                     /////
                 ; 0000 0079                       if(outstatus[0]==1)glcd_putpixel(10,8,1);
                 _0x17:
000626 91a0 0287 	LDS  R26,_outstatus
000628 91b0 0288 	LDS  R27,_outstatus+1
00062a 9711      	SBIW R26,1
00062b f429      	BRNE _0x18
00062c 940e 0e43 	CALL SUBOPT_0x5
00062e e0a1      	LDI  R26,LOW(1)
00062f 940e 086f 	CALL _glcd_putpixel
                 ; 0000 007A                       if(outstatus[0]==0)glcd_putpixel(10,8,0);
                 _0x18:
000631 940e 0e48 	CALL SUBOPT_0x6
000633 9730      	SBIW R30,0
000634 f429      	BRNE _0x19
000635 940e 0e43 	CALL SUBOPT_0x5
000637 e0a0      	LDI  R26,LOW(0)
000638 940e 086f 	CALL _glcd_putpixel
                 ; 0000 007B                     /////
                 ; 0000 007C                       if(outstatus[1]==1)glcd_putpixel(71,8,1);
                 _0x19:
00063a 940e 0e4d 	CALL SUBOPT_0x7
00063c 30e1      	CPI  R30,LOW(0x1)
00063d e0a0      	LDI  R26,HIGH(0x1)
00063e 07fa      	CPC  R31,R26
00063f f429      	BRNE _0x1A
000640 940e 0e52 	CALL SUBOPT_0x8
000642 e0a1      	LDI  R26,LOW(1)
000643 940e 086f 	CALL _glcd_putpixel
                 ; 0000 007D                       if(outstatus[1]==0)glcd_putpixel(71,8,0);
                 _0x1A:
000645 940e 0e4d 	CALL SUBOPT_0x7
000647 9730      	SBIW R30,0
000648 f429      	BRNE _0x1B
000649 940e 0e52 	CALL SUBOPT_0x8
00064b e0a0      	LDI  R26,LOW(0)
00064c 940e 086f 	CALL _glcd_putpixel
                 ; 0000 007E                     /////
                 ; 0000 007F                       if(outstatus[2]==1)glcd_putpixel(10,41,1);
                 _0x1B:
00064e 940e 0e57 	CALL SUBOPT_0x9
000650 30e1      	CPI  R30,LOW(0x1)
000651 e0a0      	LDI  R26,HIGH(0x1)
000652 07fa      	CPC  R31,R26
000653 f429      	BRNE _0x1C
000654 940e 0e5c 	CALL SUBOPT_0xA
000656 e0a1      	LDI  R26,LOW(1)
000657 940e 086f 	CALL _glcd_putpixel
                 ; 0000 0080                       if(outstatus[2]==0)glcd_putpixel(10,41,0);
                 _0x1C:
000659 940e 0e57 	CALL SUBOPT_0x9
00065b 9730      	SBIW R30,0
00065c f429      	BRNE _0x1D
00065d 940e 0e5c 	CALL SUBOPT_0xA
00065f e0a0      	LDI  R26,LOW(0)
000660 940e 086f 	CALL _glcd_putpixel
                 ; 0000 0081                     /////
                 ; 0000 0082                       if(outstatus[3]==1)glcd_putpixel(71,41,1);
                 _0x1D:
000662 940e 0e61 	CALL SUBOPT_0xB
000664 30e1      	CPI  R30,LOW(0x1)
000665 e0a0      	LDI  R26,HIGH(0x1)
000666 07fa      	CPC  R31,R26
000667 f429      	BRNE _0x1E
000668 940e 0e66 	CALL SUBOPT_0xC
00066a e0a1      	LDI  R26,LOW(1)
00066b 940e 086f 	CALL _glcd_putpixel
                 ; 0000 0083                       if(outstatus[3]==0)glcd_putpixel(71,41,0);
                 _0x1E:
00066d 940e 0e61 	CALL SUBOPT_0xB
00066f 9730      	SBIW R30,0
000670 f421      	BRNE _0x1F
000671 940e 0e66 	CALL SUBOPT_0xC
000673 e0a0      	LDI  R26,LOW(0)
000674 d1fa      	RCALL _glcd_putpixel
                 ; 0000 0084                     /////
                 ; 0000 0085 
                 ; 0000 0086 }
                 _0x1F:
000675 9508      	RET
                 ; .FEND
                 ;
                 ;interrupt [EXT_INT0] void ext_int0_isr(void)
                 ; 0000 0089 {
                 _ext_int0_isr:
                 ; .FSTART _ext_int0_isr
000676 920a      	ST   -Y,R0
000677 921a      	ST   -Y,R1
000678 92fa      	ST   -Y,R15
000679 936a      	ST   -Y,R22
00067a 937a      	ST   -Y,R23
00067b 938a      	ST   -Y,R24
00067c 939a      	ST   -Y,R25
00067d 93aa      	ST   -Y,R26
00067e 93ba      	ST   -Y,R27
00067f 93ea      	ST   -Y,R30
000680 93fa      	ST   -Y,R31
000681 b7ef      	IN   R30,SREG
000682 93ea      	ST   -Y,R30
                 ; 0000 008A 
                 ; 0000 008B                       if(devicenum==0)
000683 2c0a      	MOV  R0,R10
000684 280b      	OR   R0,R11
000685 f471      	BRNE _0x20
                 ; 0000 008C                       {
                 ; 0000 008D                               PORTD.3=!PORTD.3;
000686 9b93      	SBIS 0x12,3
000687 c002      	RJMP _0x21
000688 9893      	CBI  0x12,3
000689 c001      	RJMP _0x22
                 _0x21:
00068a 9a93      	SBI  0x12,3
                 _0x22:
                 ; 0000 008E                               outstatus[0]=!outstatus[0];
00068b 940e 0e48 	CALL SUBOPT_0x6
00068d 940e 0f2d 	CALL __LNEGW1
00068f e0f0      	LDI  R31,0
000690 93e0 0287 	STS  _outstatus,R30
000692 93f0 0288 	STS  _outstatus+1,R31
                 ; 0000 008F                       }
                 ; 0000 0090 
                 ; 0000 0091                       if(devicenum==1)
                 _0x20:
000694 e0e1      	LDI  R30,LOW(1)
000695 e0f0      	LDI  R31,HIGH(1)
000696 15ea      	CP   R30,R10
000697 05fb      	CPC  R31,R11
000698 f459      	BRNE _0x23
                 ; 0000 0092                       {
                 ; 0000 0093                               PORTD.4=!PORTD.4;
000699 9b94      	SBIS 0x12,4
00069a c002      	RJMP _0x24
00069b 9894      	CBI  0x12,4
00069c c001      	RJMP _0x25
                 _0x24:
00069d 9a94      	SBI  0x12,4
                 _0x25:
                 ; 0000 0094                               outstatus[1]=!outstatus[1];
                +
00069e e8a9     +LDI R26 , LOW ( _outstatus + ( 2 ) )
00069f e0b2     +LDI R27 , HIGH ( _outstatus + ( 2 ) )
                 	__POINTW2MN _outstatus,2
0006a0 940e 0e4d 	CALL SUBOPT_0x7
0006a2 940e 0e6b 	CALL SUBOPT_0xD
                 ; 0000 0095                       }
                 ; 0000 0096 
                 ; 0000 0097                       if(devicenum==2)
                 _0x23:
0006a4 e0e2      	LDI  R30,LOW(2)
0006a5 e0f0      	LDI  R31,HIGH(2)
0006a6 15ea      	CP   R30,R10
0006a7 05fb      	CPC  R31,R11
0006a8 f459      	BRNE _0x26
                 ; 0000 0098                       {
                 ; 0000 0099                               PORTD.6=!PORTD.6;
0006a9 9b96      	SBIS 0x12,6
0006aa c002      	RJMP _0x27
0006ab 9896      	CBI  0x12,6
0006ac c001      	RJMP _0x28
                 _0x27:
0006ad 9a96      	SBI  0x12,6
                 _0x28:
                 ; 0000 009A                               outstatus[3]=!outstatus[3];
                +
0006ae e8ad     +LDI R26 , LOW ( _outstatus + ( 6 ) )
0006af e0b2     +LDI R27 , HIGH ( _outstatus + ( 6 ) )
                 	__POINTW2MN _outstatus,6
0006b0 940e 0e61 	CALL SUBOPT_0xB
0006b2 940e 0e6b 	CALL SUBOPT_0xD
                 ; 0000 009B                       }
                 ; 0000 009C 
                 ; 0000 009D                       if(devicenum==3)
                 _0x26:
0006b4 940e 0e3e 	CALL SUBOPT_0x4
0006b6 f459      	BRNE _0x29
                 ; 0000 009E                       {
                 ; 0000 009F                               PORTD.5=!PORTD.5;
0006b7 9b95      	SBIS 0x12,5
0006b8 c002      	RJMP _0x2A
0006b9 9895      	CBI  0x12,5
0006ba c001      	RJMP _0x2B
                 _0x2A:
0006bb 9a95      	SBI  0x12,5
                 _0x2B:
                 ; 0000 00A0                               outstatus[2]=!outstatus[2];
                +
0006bc e8ab     +LDI R26 , LOW ( _outstatus + ( 4 ) )
0006bd e0b2     +LDI R27 , HIGH ( _outstatus + ( 4 ) )
                 	__POINTW2MN _outstatus,4
0006be 940e 0e57 	CALL SUBOPT_0x9
0006c0 940e 0e6b 	CALL SUBOPT_0xD
                 ; 0000 00A1                       }
                 ; 0000 00A2 
                 ; 0000 00A3 
                 ; 0000 00A4                     /////
                 ; 0000 00A5                       if(outstatus[0]==1)glcd_putpixel(10,8,1);
                 _0x29:
0006c2 91a0 0287 	LDS  R26,_outstatus
0006c4 91b0 0288 	LDS  R27,_outstatus+1
0006c6 9711      	SBIW R26,1
0006c7 f421      	BRNE _0x2C
0006c8 940e 0e43 	CALL SUBOPT_0x5
0006ca e0a1      	LDI  R26,LOW(1)
0006cb d1a3      	RCALL _glcd_putpixel
                 ; 0000 00A6                       if(outstatus[0]==0)glcd_putpixel(10,8,0);
                 _0x2C:
0006cc 940e 0e48 	CALL SUBOPT_0x6
0006ce 9730      	SBIW R30,0
0006cf f421      	BRNE _0x2D
0006d0 940e 0e43 	CALL SUBOPT_0x5
0006d2 e0a0      	LDI  R26,LOW(0)
0006d3 d19b      	RCALL _glcd_putpixel
                 ; 0000 00A7                     /////
                 ; 0000 00A8                       if(outstatus[1]==1)glcd_putpixel(71,8,1);
                 _0x2D:
0006d4 940e 0e4d 	CALL SUBOPT_0x7
0006d6 30e1      	CPI  R30,LOW(0x1)
0006d7 e0a0      	LDI  R26,HIGH(0x1)
0006d8 07fa      	CPC  R31,R26
0006d9 f421      	BRNE _0x2E
0006da 940e 0e52 	CALL SUBOPT_0x8
0006dc e0a1      	LDI  R26,LOW(1)
0006dd d191      	RCALL _glcd_putpixel
                 ; 0000 00A9                       if(outstatus[1]==0)glcd_putpixel(71,8,0);
                 _0x2E:
0006de 940e 0e4d 	CALL SUBOPT_0x7
0006e0 9730      	SBIW R30,0
0006e1 f421      	BRNE _0x2F
0006e2 940e 0e52 	CALL SUBOPT_0x8
0006e4 e0a0      	LDI  R26,LOW(0)
0006e5 d189      	RCALL _glcd_putpixel
                 ; 0000 00AA                     /////
                 ; 0000 00AB                       if(outstatus[2]==1)glcd_putpixel(10,41,1);
                 _0x2F:
0006e6 940e 0e57 	CALL SUBOPT_0x9
0006e8 30e1      	CPI  R30,LOW(0x1)
0006e9 e0a0      	LDI  R26,HIGH(0x1)
0006ea 07fa      	CPC  R31,R26
0006eb f421      	BRNE _0x30
0006ec 940e 0e5c 	CALL SUBOPT_0xA
0006ee e0a1      	LDI  R26,LOW(1)
0006ef d17f      	RCALL _glcd_putpixel
                 ; 0000 00AC                       if(outstatus[2]==0)glcd_putpixel(10,41,0);
                 _0x30:
0006f0 940e 0e57 	CALL SUBOPT_0x9
0006f2 9730      	SBIW R30,0
0006f3 f421      	BRNE _0x31
0006f4 940e 0e5c 	CALL SUBOPT_0xA
0006f6 e0a0      	LDI  R26,LOW(0)
0006f7 d177      	RCALL _glcd_putpixel
                 ; 0000 00AD                     /////
                 ; 0000 00AE                       if(outstatus[3]==1)glcd_putpixel(71,41,1);
                 _0x31:
0006f8 940e 0e61 	CALL SUBOPT_0xB
0006fa 30e1      	CPI  R30,LOW(0x1)
0006fb e0a0      	LDI  R26,HIGH(0x1)
0006fc 07fa      	CPC  R31,R26
0006fd f421      	BRNE _0x32
0006fe 940e 0e66 	CALL SUBOPT_0xC
000700 e0a1      	LDI  R26,LOW(1)
000701 d16d      	RCALL _glcd_putpixel
                 ; 0000 00AF                       if(outstatus[3]==0)glcd_putpixel(71,41,0);
                 _0x32:
000702 940e 0e61 	CALL SUBOPT_0xB
000704 9730      	SBIW R30,0
000705 f421      	BRNE _0x33
000706 940e 0e66 	CALL SUBOPT_0xC
000708 e0a0      	LDI  R26,LOW(0)
000709 d165      	RCALL _glcd_putpixel
                 ; 0000 00B0                     /////
                 ; 0000 00B1 
                 ; 0000 00B2 }
                 _0x33:
00070a 91e9      	LD   R30,Y+
00070b bfef      	OUT  SREG,R30
00070c 91f9      	LD   R31,Y+
00070d 91e9      	LD   R30,Y+
00070e 91b9      	LD   R27,Y+
00070f 91a9      	LD   R26,Y+
000710 9199      	LD   R25,Y+
000711 9189      	LD   R24,Y+
000712 9179      	LD   R23,Y+
000713 9169      	LD   R22,Y+
000714 90f9      	LD   R15,Y+
000715 9019      	LD   R1,Y+
000716 9009      	LD   R0,Y+
000717 9518      	RETI
                 ; .FEND
                 ;
                 ;void main(void)
                 ; 0000 00B5 {
                 _main:
                 ; .FSTART _main
                 ; 0000 00B6 // Declare your local variables here
                 ; 0000 00B7 // Variable used to store graphic display
                 ; 0000 00B8 // controller initialization data
                 ; 0000 00B9 GLCDINIT_t glcd_init_data;
                 ; 0000 00BA 
                 ; 0000 00BB // Input/Output Ports initialization
                 ; 0000 00BC // Port A initialization
                 ; 0000 00BD // Function: Bit7=In Bit6=In Bit5=In Bit4=In Bit3=In Bit2=In Bit1=In Bit0=In
                 ; 0000 00BE DDRA=(0<<DDA7) | (0<<DDA6) | (0<<DDA5) | (0<<DDA4) | (0<<DDA3) | (0<<DDA2) | (0<<DDA1) | (0<<DDA0);
000718 9726      	SBIW R28,6
                 ;	glcd_init_data -> Y+0
000719 e0e0      	LDI  R30,LOW(0)
00071a bbea      	OUT  0x1A,R30
                 ; 0000 00BF // State: Bit7=T Bit6=T Bit5=T Bit4=T Bit3=T Bit2=T Bit1=T Bit0=T
                 ; 0000 00C0 PORTA=(0<<PORTA7) | (0<<PORTA6) | (0<<PORTA5) | (0<<PORTA4) | (0<<PORTA3) | (0<<PORTA2) | (0<<PORTA1) | (0<<PORTA0);
00071b bbeb      	OUT  0x1B,R30
                 ; 0000 00C1 
                 ; 0000 00C2 // Port B initialization
                 ; 0000 00C3 // Function: Bit7=In Bit6=In Bit5=In Bit4=In Bit3=In Bit2=In Bit1=In Bit0=In
                 ; 0000 00C4 DDRB=(0<<DDB7) | (0<<DDB6) | (0<<DDB5) | (0<<DDB4) | (0<<DDB3) | (0<<DDB2) | (0<<DDB1) | (0<<DDB0);
00071c bbe7      	OUT  0x17,R30
                 ; 0000 00C5 // State: Bit7=T Bit6=T Bit5=T Bit4=T Bit3=T Bit2=T Bit1=T Bit0=T
                 ; 0000 00C6 PORTB=(0<<PORTB7) | (0<<PORTB6) | (0<<PORTB5) | (0<<PORTB4) | (0<<PORTB3) | (0<<PORTB2) | (0<<PORTB1) | (0<<PORTB0);
00071d bbe8      	OUT  0x18,R30
                 ; 0000 00C7 
                 ; 0000 00C8 // Port C initialization
                 ; 0000 00C9 // Function: Bit7=In Bit6=In Bit5=In Bit4=In Bit3=In Bit2=In Bit1=In Bit0=In
                 ; 0000 00CA DDRC=(0<<DDC7) | (0<<DDC6) | (0<<DDC5) | (0<<DDC4) | (0<<DDC3) | (0<<DDC2) | (0<<DDC1) | (0<<DDC0);
00071e bbe4      	OUT  0x14,R30
                 ; 0000 00CB // State: Bit7=T Bit6=T Bit5=T Bit4=T Bit3=T Bit2=T Bit1=T Bit0=T
                 ; 0000 00CC PORTC=(0<<PORTC7) | (0<<PORTC6) | (0<<PORTC5) | (0<<PORTC4) | (0<<PORTC3) | (0<<PORTC2) | (0<<PORTC1) | (0<<PORTC0);
00071f bbe5      	OUT  0x15,R30
                 ; 0000 00CD 
                 ; 0000 00CE // Port D initialization
                 ; 0000 00CF // Function: Bit7=In Bit6=In Bit5=In Bit4=In Bit3=In Bit2=In Bit1=In Bit0=In
                 ; 0000 00D0 DDRD=(0<<DDD7) | (0<<DDD6) | (0<<DDD5) | (0<<DDD4) | (0<<DDD3) | (0<<DDD2) | (0<<DDD1) | (0<<DDD0);
000720 bbe1      	OUT  0x11,R30
                 ; 0000 00D1 // State: Bit7=T Bit6=T Bit5=T Bit4=P Bit3=P Bit2=P Bit1=P Bit0=P
                 ; 0000 00D2 PORTD=(0<<PORTD7) | (0<<PORTD6) | (0<<PORTD5) | (1<<PORTD4) | (1<<PORTD3) | (1<<PORTD2) | (1<<PORTD1) | (1<<PORTD0);
000721 e1ef      	LDI  R30,LOW(31)
000722 bbe2      	OUT  0x12,R30
                 ; 0000 00D3 
                 ; 0000 00D4 // Timer/Counter 0 initialization
                 ; 0000 00D5 // Clock source: System Clock
                 ; 0000 00D6 // Clock value: Timer 0 Stopped
                 ; 0000 00D7 // Mode: Normal top=0xFF
                 ; 0000 00D8 // OC0 output: Disconnected
                 ; 0000 00D9 TCCR0=(0<<WGM00) | (0<<COM01) | (0<<COM00) | (0<<WGM01) | (0<<CS02) | (0<<CS01) | (0<<CS00);
000723 e0e0      	LDI  R30,LOW(0)
000724 bfe3      	OUT  0x33,R30
                 ; 0000 00DA TCNT0=0x00;
000725 bfe2      	OUT  0x32,R30
                 ; 0000 00DB OCR0=0x00;
000726 bfec      	OUT  0x3C,R30
                 ; 0000 00DC 
                 ; 0000 00DD // Timer/Counter 1 initialization
                 ; 0000 00DE // Clock source: System Clock
                 ; 0000 00DF // Clock value: Timer1 Stopped
                 ; 0000 00E0 // Mode: Normal top=0xFFFF
                 ; 0000 00E1 // OC1A output: Disconnected
                 ; 0000 00E2 // OC1B output: Disconnected
                 ; 0000 00E3 // Noise Canceler: Off
                 ; 0000 00E4 // Input Capture on Falling Edge
                 ; 0000 00E5 // Timer1 Overflow Interrupt: Off
                 ; 0000 00E6 // Input Capture Interrupt: Off
                 ; 0000 00E7 // Compare A Match Interrupt: Off
                 ; 0000 00E8 // Compare B Match Interrupt: Off
                 ; 0000 00E9 TCCR1A=(0<<COM1A1) | (0<<COM1A0) | (0<<COM1B1) | (0<<COM1B0) | (0<<WGM11) | (0<<WGM10);
000727 bdef      	OUT  0x2F,R30
                 ; 0000 00EA TCCR1B=(0<<ICNC1) | (0<<ICES1) | (0<<WGM13) | (0<<WGM12) | (0<<CS12) | (0<<CS11) | (0<<CS10);
000728 bdee      	OUT  0x2E,R30
                 ; 0000 00EB TCNT1H=0x00;
000729 bded      	OUT  0x2D,R30
                 ; 0000 00EC TCNT1L=0x00;
00072a bdec      	OUT  0x2C,R30
                 ; 0000 00ED ICR1H=0x00;
00072b bde7      	OUT  0x27,R30
                 ; 0000 00EE ICR1L=0x00;
00072c bde6      	OUT  0x26,R30
                 ; 0000 00EF OCR1AH=0x00;
00072d bdeb      	OUT  0x2B,R30
                 ; 0000 00F0 OCR1AL=0x00;
00072e bdea      	OUT  0x2A,R30
                 ; 0000 00F1 OCR1BH=0x00;
00072f bde9      	OUT  0x29,R30
                 ; 0000 00F2 OCR1BL=0x00;
000730 bde8      	OUT  0x28,R30
                 ; 0000 00F3 
                 ; 0000 00F4 // Timer/Counter 2 initialization
                 ; 0000 00F5 // Clock source: System Clock
                 ; 0000 00F6 // Clock value: Timer2 Stopped
                 ; 0000 00F7 // Mode: Normal top=0xFF
                 ; 0000 00F8 // OC2 output: Disconnected
                 ; 0000 00F9 ASSR=0<<AS2;
000731 bde2      	OUT  0x22,R30
                 ; 0000 00FA TCCR2=(0<<PWM2) | (0<<COM21) | (0<<COM20) | (0<<CTC2) | (0<<CS22) | (0<<CS21) | (0<<CS20);
000732 bde5      	OUT  0x25,R30
                 ; 0000 00FB TCNT2=0x00;
000733 bde4      	OUT  0x24,R30
                 ; 0000 00FC OCR2=0x00;
000734 bde3      	OUT  0x23,R30
                 ; 0000 00FD 
                 ; 0000 00FE // Timer(s)/Counter(s) Interrupt(s) initialization
                 ; 0000 00FF TIMSK=(0<<OCIE2) | (0<<TOIE2) | (0<<TICIE1) | (0<<OCIE1A) | (0<<OCIE1B) | (0<<TOIE1) | (0<<OCIE0) | (0<<TOIE0);
000735 bfe9      	OUT  0x39,R30
                 ; 0000 0100 
                 ; 0000 0101 // External Interrupt(s) initialization
                 ; 0000 0102 // INT0: Off
                 ; 0000 0103 // INT1: Off
                 ; 0000 0104 // INT2: Off
                 ; 0000 0105 MCUCR=(0<<ISC11) | (0<<ISC10) | (0<<ISC01) | (0<<ISC00);
000736 bfe5      	OUT  0x35,R30
                 ; 0000 0106 MCUCSR=(0<<ISC2);
000737 bfe4      	OUT  0x34,R30
                 ; 0000 0107 
                 ; 0000 0108 //////////////////////////////////////////////
                 ; 0000 0109 
                 ; 0000 010A MCUCR |= (1 << ISC01);
000738 b7e5      	IN   R30,0x35
000739 60e2      	ORI  R30,2
00073a bfe5      	OUT  0x35,R30
                 ; 0000 010B MCUCR &= ~(1 << ISC00);
00073b b7e5      	IN   R30,0x35
00073c 7fee      	ANDI R30,0xFE
00073d bfe5      	OUT  0x35,R30
                 ; 0000 010C GICR |= (1 << INT0);
00073e b7eb      	IN   R30,0x3B
00073f 64e0      	ORI  R30,0x40
000740 bfeb      	OUT  0x3B,R30
                 ; 0000 010D #asm("sei")
000741 9478      	sei
                 ; 0000 010E 
                 ; 0000 010F //////////////////////////////////////////////
                 ; 0000 0110 // USART initialization
                 ; 0000 0111 // USART disabled
                 ; 0000 0112 UCSRB=(0<<RXCIE) | (0<<TXCIE) | (0<<UDRIE) | (0<<RXEN) | (0<<TXEN) | (0<<UCSZ2) | (0<<RXB8) | (0<<TXB8);
000742 e0e0      	LDI  R30,LOW(0)
000743 b9ea      	OUT  0xA,R30
                 ; 0000 0113 
                 ; 0000 0114 // Analog Comparator initialization
                 ; 0000 0115 // Analog Comparator: Off
                 ; 0000 0116 // The Analog Comparator's positive input is
                 ; 0000 0117 // connected to the AIN0 pin
                 ; 0000 0118 // The Analog Comparator's negative input is
                 ; 0000 0119 // connected to the AIN1 pin
                 ; 0000 011A ACSR=(1<<ACD) | (0<<ACBG) | (0<<ACO) | (0<<ACI) | (0<<ACIE) | (0<<ACIC) | (0<<ACIS1) | (0<<ACIS0);
000744 e8e0      	LDI  R30,LOW(128)
000745 b9e8      	OUT  0x8,R30
                 ; 0000 011B SFIOR=(0<<ACME);
000746 e0e0      	LDI  R30,LOW(0)
000747 bfe0      	OUT  0x30,R30
                 ; 0000 011C 
                 ; 0000 011D // ADC initialization
                 ; 0000 011E // ADC disabled
                 ; 0000 011F ADCSRA=(0<<ADEN) | (0<<ADSC) | (0<<ADATE) | (0<<ADIF) | (0<<ADIE) | (0<<ADPS2) | (0<<ADPS1) | (0<<ADPS0);
000748 b9e6      	OUT  0x6,R30
                 ; 0000 0120 
                 ; 0000 0121 // SPI initialization
                 ; 0000 0122 // SPI disabled
                 ; 0000 0123 SPCR=(0<<SPIE) | (0<<SPE) | (0<<DORD) | (0<<MSTR) | (0<<CPOL) | (0<<CPHA) | (0<<SPR1) | (0<<SPR0);
000749 b9ed      	OUT  0xD,R30
                 ; 0000 0124 
                 ; 0000 0125 // TWI initialization
                 ; 0000 0126 // TWI disabled
                 ; 0000 0127 TWCR=(0<<TWEA) | (0<<TWSTA) | (0<<TWSTO) | (0<<TWEN) | (0<<TWIE);
00074a bfe6      	OUT  0x36,R30
                 ; 0000 0128 
                 ; 0000 0129 // Graphic Display Controller initialization
                 ; 0000 012A // The KS0108 connections are specified in the
                 ; 0000 012B // Project|Configure|C Compiler|Libraries|Graphic Display menu:
                 ; 0000 012C // DB0 - PORTA Bit 0
                 ; 0000 012D // DB1 - PORTA Bit 1
                 ; 0000 012E // DB2 - PORTA Bit 2
                 ; 0000 012F // DB3 - PORTA Bit 3
                 ; 0000 0130 // DB4 - PORTA Bit 4
                 ; 0000 0131 // DB5 - PORTA Bit 5
                 ; 0000 0132 // DB6 - PORTA Bit 6
                 ; 0000 0133 // DB7 - PORTA Bit 7
                 ; 0000 0134 // E - PORTC Bit 0
                 ; 0000 0135 // RD /WR - PORTC Bit 1
                 ; 0000 0136 // RS - PORTC Bit 2
                 ; 0000 0137 // /RST - PORTC Bit 3
                 ; 0000 0138 // CS1 - PORTC Bit 4
                 ; 0000 0139 // CS2 - PORTC Bit 5
                 ; 0000 013A 
                 ; 0000 013B // Specify the current font for displaying text
                 ; 0000 013C glcd_init_data.font=font5x7;
00074b e5e4      	LDI  R30,LOW(_font5x7*2)
00074c e0f0      	LDI  R31,HIGH(_font5x7*2)
00074d 83e8      	ST   Y,R30
00074e 83f9      	STD  Y+1,R31
                 ; 0000 013D // No function is used for reading
                 ; 0000 013E // image data from external memory
                 ; 0000 013F glcd_init_data.readxmem=NULL;
00074f e0e0      	LDI  R30,LOW(0)
000750 83ea      	STD  Y+2,R30
000751 83eb      	STD  Y+2+1,R30
                 ; 0000 0140 // No function is used for writing
                 ; 0000 0141 // image data to external memory
                 ; 0000 0142 glcd_init_data.writexmem=NULL;
000752 83ec      	STD  Y+4,R30
000753 83ed      	STD  Y+4+1,R30
                 ; 0000 0143 
                 ; 0000 0144 glcd_init(&glcd_init_data);
000754 01de      	MOVW R26,R28
000755 d08e      	RCALL _glcd_init
                 ; 0000 0145 
                 ; 0000 0146 DDRD.3=1;
000756 9a8b      	SBI  0x11,3
                 ; 0000 0147 PORTD.3=0;
000757 9893      	CBI  0x12,3
                 ; 0000 0148 
                 ; 0000 0149 DDRD.4=1;
000758 9a8c      	SBI  0x11,4
                 ; 0000 014A PORTD.4=0;
000759 9894      	CBI  0x12,4
                 ; 0000 014B 
                 ; 0000 014C DDRD.5=1;
00075a 9a8d      	SBI  0x11,5
                 ; 0000 014D PORTD.5=0;
00075b 9895      	CBI  0x12,5
                 ; 0000 014E 
                 ; 0000 014F DDRD.6=1;
00075c 9a8e      	SBI  0x11,6
                 ; 0000 0150 PORTD.6=0;
00075d 9896      	CBI  0x12,6
                 ; 0000 0151 
                 ; 0000 0152 loading();
00075e de08      	RCALL _loading
                 ; 0000 0153 
                 ; 0000 0154 while (1)
                 _0x44:
                 ; 0000 0155       {
                 ; 0000 0156               enchoder();
00075f de51      	RCALL _enchoder
                 ; 0000 0157               select();
000760 de81      	RCALL _select
                 ; 0000 0158       }
000761 cffd      	RJMP _0x44
                 ; 0000 0159 }
                 _0x47:
000762 cfff      	RJMP _0x47
                 ; .FEND
                 	#ifndef __SLEEP_DEFINED__
                 	#endif
                 
                 	.CSEG
                 _ks0108_enable_G100:
                 ; .FSTART _ks0108_enable_G100
000763 0000      	nop
000764 9aa8      	SBI  0x15,0
000765 0000      	nop
000766 9508      	RET
                 ; .FEND
                 _ks0108_disable_G100:
                 ; .FSTART _ks0108_disable_G100
000767 98a8      	CBI  0x15,0
000768 98ac      	CBI  0x15,4
000769 98ad      	CBI  0x15,5
00076a 9508      	RET
                 ; .FEND
                 _ks0108_rdbus_G100:
                 ; .FSTART _ks0108_rdbus_G100
00076b 931a      	ST   -Y,R17
00076c dff6      	RCALL _ks0108_enable_G100
00076d b319      	IN   R17,25
00076e 98a8      	CBI  0x15,0
00076f 2fe1      	MOV  R30,R17
000770 9119      	LD   R17,Y+
000771 9508      	RET
                 ; .FEND
                 _ks0108_busy_G100:
                 ; .FSTART _ks0108_busy_G100
000772 93aa      	ST   -Y,R26
000773 931a      	ST   -Y,R17
000774 e0e0      	LDI  R30,LOW(0)
000775 bbea      	OUT  0x1A,R30
000776 9aa9      	SBI  0x15,1
000777 98aa      	CBI  0x15,2
000778 81e9      	LDD  R30,Y+1
000779 5fef      	SUBI R30,-LOW(1)
00077a 2f1e      	MOV  R17,R30
00077b ff10      	SBRS R17,0
00077c c002      	RJMP _0x2000003
00077d 9aac      	SBI  0x15,4
00077e c001      	RJMP _0x2000004
                 _0x2000003:
00077f 98ac      	CBI  0x15,4
                 _0x2000004:
000780 ff11      	SBRS R17,1
000781 c002      	RJMP _0x2000005
000782 9aad      	SBI  0x15,5
000783 c001      	RJMP _0x2000006
                 _0x2000005:
000784 98ad      	CBI  0x15,5
                 _0x2000006:
                 _0x2000007:
000785 dfe5      	RCALL _ks0108_rdbus_G100
000786 78e0      	ANDI R30,LOW(0x80)
000787 f7e9      	BRNE _0x2000007
000788 8118      	LDD  R17,Y+0
000789 c026      	RJMP _0x210000A
                 ; .FEND
                 _ks0108_wrcmd_G100:
                 ; .FSTART _ks0108_wrcmd_G100
00078a 93aa      	ST   -Y,R26
00078b 81a9      	LDD  R26,Y+1
00078c dfe5      	RCALL _ks0108_busy_G100
00078d 940e 0e71 	CALL SUBOPT_0xE
00078f c020      	RJMP _0x210000A
                 ; .FEND
                 _ks0108_setloc_G100:
                 ; .FSTART _ks0108_setloc_G100
                +
000790 91e0 0290+LDS R30 , _ks0108_coord_G100 + ( 1 )
                 	__GETB1MN _ks0108_coord_G100,1
000792 93ea      	ST   -Y,R30
000793 91e0 028f 	LDS  R30,_ks0108_coord_G100
000795 73ef      	ANDI R30,LOW(0x3F)
000796 64e0      	ORI  R30,0x40
000797 2fae      	MOV  R26,R30
000798 dff1      	RCALL _ks0108_wrcmd_G100
                +
000799 91e0 0290+LDS R30 , _ks0108_coord_G100 + ( 1 )
                 	__GETB1MN _ks0108_coord_G100,1
00079b 93ea      	ST   -Y,R30
                +
00079c 91e0 0291+LDS R30 , _ks0108_coord_G100 + ( 2 )
                 	__GETB1MN _ks0108_coord_G100,2
00079e 6be8      	ORI  R30,LOW(0xB8)
00079f 2fae      	MOV  R26,R30
0007a0 dfe9      	RCALL _ks0108_wrcmd_G100
0007a1 9508      	RET
                 ; .FEND
                 _ks0108_gotoxp_G100:
                 ; .FSTART _ks0108_gotoxp_G100
0007a2 93aa      	ST   -Y,R26
0007a3 81e9      	LDD  R30,Y+1
0007a4 93e0 028f 	STS  _ks0108_coord_G100,R30
0007a6 95e2      	SWAP R30
0007a7 70ef      	ANDI R30,0xF
0007a8 95e6      	LSR  R30
0007a9 95e6      	LSR  R30
                +
0007aa 93e0 0290+STS _ks0108_coord_G100 + ( 1 ) , R30
                 	__PUTB1MN _ks0108_coord_G100,1
0007ac 81e8      	LD   R30,Y
                +
0007ad 93e0 0291+STS _ks0108_coord_G100 + ( 2 ) , R30
                 	__PUTB1MN _ks0108_coord_G100,2
0007af dfe0      	RCALL _ks0108_setloc_G100
                 _0x210000A:
0007b0 9622      	ADIW R28,2
0007b1 9508      	RET
                 ; .FEND
                 _ks0108_nextx_G100:
                 ; .FSTART _ks0108_nextx_G100
0007b2 91a0 028f 	LDS  R26,_ks0108_coord_G100
0007b4 5faf      	SUBI R26,-LOW(1)
0007b5 93a0 028f 	STS  _ks0108_coord_G100,R26
0007b7 38a0      	CPI  R26,LOW(0x80)
0007b8 f018      	BRLO _0x200000A
0007b9 e0e0      	LDI  R30,LOW(0)
0007ba 93e0 028f 	STS  _ks0108_coord_G100,R30
                 _0x200000A:
0007bc 91e0 028f 	LDS  R30,_ks0108_coord_G100
0007be 73ef      	ANDI R30,LOW(0x3F)
0007bf f431      	BRNE _0x200000B
0007c0 91e0 028f 	LDS  R30,_ks0108_coord_G100
0007c2 93ea      	ST   -Y,R30
                +
0007c3 91a0 0291+LDS R26 , _ks0108_coord_G100 + ( 2 )
                 	__GETB2MN _ks0108_coord_G100,2
0007c5 dfdc      	RCALL _ks0108_gotoxp_G100
                 _0x200000B:
0007c6 9508      	RET
                 ; .FEND
                 _ks0108_wrdata_G100:
                 ; .FSTART _ks0108_wrdata_G100
0007c7 93aa      	ST   -Y,R26
                +
0007c8 91a0 0290+LDS R26 , _ks0108_coord_G100 + ( 1 )
                 	__GETB2MN _ks0108_coord_G100,1
0007ca dfa7      	RCALL _ks0108_busy_G100
0007cb 9aaa      	SBI  0x15,2
0007cc 940e 0e71 	CALL SUBOPT_0xE
0007ce 9621      	ADIW R28,1
0007cf 9508      	RET
                 ; .FEND
                 _ks0108_rddata_G100:
                 ; .FSTART _ks0108_rddata_G100
                +
0007d0 91a0 0290+LDS R26 , _ks0108_coord_G100 + ( 1 )
                 	__GETB2MN _ks0108_coord_G100,1
0007d2 df9f      	RCALL _ks0108_busy_G100
0007d3 e0e0      	LDI  R30,LOW(0)
0007d4 bbea      	OUT  0x1A,R30
0007d5 9aa9      	SBI  0x15,1
0007d6 9aaa      	SBI  0x15,2
0007d7 df93      	RCALL _ks0108_rdbus_G100
0007d8 9508      	RET
                 ; .FEND
                 _ks0108_rdbyte_G100:
                 ; .FSTART _ks0108_rdbyte_G100
0007d9 93aa      	ST   -Y,R26
0007da 81e9      	LDD  R30,Y+1
0007db 93ea      	ST   -Y,R30
0007dc 81e9      	LDD  R30,Y+1
0007dd 940e 0e7a 	CALL SUBOPT_0xF
0007df dff0      	RCALL _ks0108_rddata_G100
0007e0 dfaf      	RCALL _ks0108_setloc_G100
0007e1 dfee      	RCALL _ks0108_rddata_G100
0007e2 940c 0dc2 	JMP  _0x2100003
                 ; .FEND
                 _glcd_init:
                 ; .FSTART _glcd_init
0007e4 93ba      	ST   -Y,R27
0007e5 93aa      	ST   -Y,R26
0007e6 931a      	ST   -Y,R17
0007e7 9aa0      	SBI  0x14,0
0007e8 9aa1      	SBI  0x14,1
0007e9 9aa2      	SBI  0x14,2
0007ea 9aa3      	SBI  0x14,3
0007eb 9aab      	SBI  0x15,3
0007ec 9aa4      	SBI  0x14,4
0007ed 9aa5      	SBI  0x14,5
0007ee df78      	RCALL _ks0108_disable_G100
0007ef 98ab      	CBI  0x15,3
0007f0 e6a4      	LDI  R26,LOW(100)
0007f1 e0b0      	LDI  R27,0
0007f2 940e 0f0f 	CALL _delay_ms
0007f4 9aab      	SBI  0x15,3
0007f5 e010      	LDI  R17,LOW(0)
                 _0x200000C:
0007f6 3012      	CPI  R17,2
0007f7 f440      	BRSH _0x200000E
0007f8 931a      	ST   -Y,R17
0007f9 e3af      	LDI  R26,LOW(63)
0007fa df8f      	RCALL _ks0108_wrcmd_G100
0007fb 931a      	ST   -Y,R17
0007fc 9513      	INC  R17
0007fd eca0      	LDI  R26,LOW(192)
0007fe df8b      	RCALL _ks0108_wrcmd_G100
0007ff cff6      	RJMP _0x200000C
                 _0x200000E:
000800 e0e1      	LDI  R30,LOW(1)
000801 93e0 026a 	STS  _glcd_state,R30
000803 e0e0      	LDI  R30,LOW(0)
                +
000804 93e0 026b+STS _glcd_state + ( 1 ) , R30
                 	__PUTB1MN _glcd_state,1
000806 81e9      	LDD  R30,Y+1
000807 81fa      	LDD  R31,Y+1+1
000808 9730      	SBIW R30,0
000809 f0a9      	BREQ _0x200000F
00080a 81a9      	LDD  R26,Y+1
00080b 81ba      	LDD  R27,Y+1+1
00080c 940e 0f5a 	CALL __GETW1P
                +
00080e 93e0 026e+STS _glcd_state + ( 4 ) , R30
000810 93f0 026f+STS _glcd_state + ( 4 ) + 1 , R31
                 	__PUTW1MN _glcd_state,4
000812 9612      	ADIW R26,2
000813 940e 0f5a 	CALL __GETW1P
                +
000815 93e0 0283+STS _glcd_state + ( 25 ) , R30
000817 93f0 0284+STS _glcd_state + ( 25 ) + 1 , R31
                 	__PUTW1MN _glcd_state,25
000819 81a9      	LDD  R26,Y+1
00081a 81ba      	LDD  R27,Y+1+1
00081b 9614      	ADIW R26,4
00081c 940e 0f5a 	CALL __GETW1P
00081e c00a      	RJMP _0x20000AC
                 _0x200000F:
00081f e0e0      	LDI  R30,LOW(0)
000820 e0f0      	LDI  R31,HIGH(0)
                +
000821 93e0 026e+STS _glcd_state + ( 4 ) , R30
000823 93f0 026f+STS _glcd_state + ( 4 ) + 1 , R31
                 	__PUTW1MN _glcd_state,4
                +
000825 93e0 0283+STS _glcd_state + ( 25 ) , R30
000827 93f0 0284+STS _glcd_state + ( 25 ) + 1 , R31
                 	__PUTW1MN _glcd_state,25
                 _0x20000AC:
                +
000829 93e0 0285+STS _glcd_state + ( 27 ) , R30
00082b 93f0 0286+STS _glcd_state + ( 27 ) + 1 , R31
                 	__PUTW1MN _glcd_state,27
00082d e0e1      	LDI  R30,LOW(1)
                +
00082e 93e0 0270+STS _glcd_state + ( 6 ) , R30
                 	__PUTB1MN _glcd_state,6
                +
000830 93e0 0271+STS _glcd_state + ( 7 ) , R30
                 	__PUTB1MN _glcd_state,7
                +
000832 93e0 0272+STS _glcd_state + ( 8 ) , R30
                 	__PUTB1MN _glcd_state,8
000834 efef      	LDI  R30,LOW(255)
                +
000835 93e0 0273+STS _glcd_state + ( 9 ) , R30
                 	__PUTB1MN _glcd_state,9
000837 e0e1      	LDI  R30,LOW(1)
                +
000838 93e0 027a+STS _glcd_state + ( 16 ) , R30
                 	__PUTB1MN _glcd_state,16
                +
00083a e7eb     +LDI R30 , LOW ( _glcd_state + ( 17 ) )
00083b e0f2     +LDI R31 , HIGH ( _glcd_state + ( 17 ) )
                 	__POINTW1MN _glcd_state,17
00083c 93fa      	ST   -Y,R31
00083d 93ea      	ST   -Y,R30
00083e efef      	LDI  R30,LOW(255)
00083f 93ea      	ST   -Y,R30
000840 e0a8      	LDI  R26,LOW(8)
000841 e0b0      	LDI  R27,0
000842 940e 0da9 	CALL _memset
000844 d004      	RCALL _glcd_clear
000845 e0e1      	LDI  R30,LOW(1)
000846 8118      	LDD  R17,Y+0
000847 940c 0e09 	JMP  _0x2100002
                 ; .FEND
                 _glcd_clear:
                 ; .FSTART _glcd_clear
000849 940e 0f81 	CALL __SAVELOCR4
00084b e000      	LDI  R16,0
00084c e030      	LDI  R19,0
                +
00084d 91e0 026b+LDS R30 , _glcd_state + ( 1 )
                 	__GETB1MN _glcd_state,1
00084f 30e0      	CPI  R30,0
000850 f009      	BREQ _0x2000015
000851 ef0f      	LDI  R16,LOW(255)
                 _0x2000015:
                 _0x2000016:
000852 3038      	CPI  R19,8
000853 f478      	BRSH _0x2000018
000854 e0e0      	LDI  R30,LOW(0)
000855 93ea      	ST   -Y,R30
000856 2fa3      	MOV  R26,R19
000857 5f3f      	SUBI R19,-1
000858 df49      	RCALL _ks0108_gotoxp_G100
000859 e010      	LDI  R17,LOW(0)
                 _0x2000019:
00085a 2fa1      	MOV  R26,R17
00085b 5f1f      	SUBI R17,-1
00085c 38a0      	CPI  R26,LOW(0x80)
00085d f420      	BRSH _0x200001B
00085e 2fa0      	MOV  R26,R16
00085f 940e 0e80 	CALL SUBOPT_0x10
000861 cff8      	RJMP _0x2000019
                 _0x200001B:
000862 cfef      	RJMP _0x2000016
                 _0x2000018:
000863 e0e0      	LDI  R30,LOW(0)
000864 93ea      	ST   -Y,R30
000865 e0a0      	LDI  R26,LOW(0)
000866 df3b      	RCALL _ks0108_gotoxp_G100
000867 e0e0      	LDI  R30,LOW(0)
000868 93ea      	ST   -Y,R30
000869 e0a0      	LDI  R26,LOW(0)
00086a d3dd      	RCALL _glcd_moveto
00086b 940e 0f88 	CALL __LOADLOCR4
00086d 940c 0e28 	JMP  _0x2100001
                 ; .FEND
                 _glcd_putpixel:
                 ; .FSTART _glcd_putpixel
00086f 93aa      	ST   -Y,R26
000870 931a      	ST   -Y,R17
000871 930a      	ST   -Y,R16
000872 81ac      	LDD  R26,Y+4
000873 38a0      	CPI  R26,LOW(0x80)
000874 f418      	BRSH _0x200001D
000875 81ab      	LDD  R26,Y+3
000876 34a0      	CPI  R26,LOW(0x40)
000877 f020      	BRLO _0x200001C
                 _0x200001D:
000878 8119      	LDD  R17,Y+1
000879 8108      	LDD  R16,Y+0
00087a 940c 0db7 	JMP  _0x2100004
                 _0x200001C:
00087c 81ec      	LDD  R30,Y+4
00087d 93ea      	ST   -Y,R30
00087e 81ac      	LDD  R26,Y+4
00087f df59      	RCALL _ks0108_rdbyte_G100
000880 2f1e      	MOV  R17,R30
000881 df0e      	RCALL _ks0108_setloc_G100
000882 81eb      	LDD  R30,Y+3
000883 70e7      	ANDI R30,LOW(0x7)
000884 e0a1      	LDI  R26,LOW(1)
000885 940e 0f1d 	CALL __LSLB12
000887 2f0e      	MOV  R16,R30
000888 81ea      	LDD  R30,Y+2
000889 30e0      	CPI  R30,0
00088a f011      	BREQ _0x200001F
00088b 2b10      	OR   R17,R16
00088c c003      	RJMP _0x2000020
                 _0x200001F:
00088d 2fe0      	MOV  R30,R16
00088e 95e0      	COM  R30
00088f 231e      	AND  R17,R30
                 _0x2000020:
000890 2fa1      	MOV  R26,R17
000891 df35      	RCALL _ks0108_wrdata_G100
000892 8119      	LDD  R17,Y+1
000893 8108      	LDD  R16,Y+0
000894 940c 0db7 	JMP  _0x2100004
                 ; .FEND
                 _ks0108_wrmasked_G100:
                 ; .FSTART _ks0108_wrmasked_G100
000896 93aa      	ST   -Y,R26
000897 931a      	ST   -Y,R17
000898 81ed      	LDD  R30,Y+5
000899 93ea      	ST   -Y,R30
00089a 81ad      	LDD  R26,Y+5
00089b df3d      	RCALL _ks0108_rdbyte_G100
00089c 2f1e      	MOV  R17,R30
00089d def2      	RCALL _ks0108_setloc_G100
00089e 81e9      	LDD  R30,Y+1
00089f 30e7      	CPI  R30,LOW(0x7)
0008a0 f011      	BREQ _0x200002B
0008a1 30e8      	CPI  R30,LOW(0x8)
0008a2 f439      	BRNE _0x200002C
                 _0x200002B:
0008a3 81eb      	LDD  R30,Y+3
0008a4 93ea      	ST   -Y,R30
0008a5 81aa      	LDD  R26,Y+2
0008a6 940e 0dc4 	CALL _glcd_mappixcolor1bit
0008a8 83eb      	STD  Y+3,R30
0008a9 c008      	RJMP _0x200002D
                 _0x200002C:
0008aa 30e3      	CPI  R30,LOW(0x3)
0008ab f421      	BRNE _0x200002F
0008ac 81eb      	LDD  R30,Y+3
0008ad 95e0      	COM  R30
0008ae 83eb      	STD  Y+3,R30
0008af c002      	RJMP _0x2000030
                 _0x200002F:
0008b0 30e0      	CPI  R30,0
0008b1 f421      	BRNE _0x2000031
                 _0x2000030:
                 _0x200002D:
0008b2 81ea      	LDD  R30,Y+2
0008b3 95e0      	COM  R30
0008b4 231e      	AND  R17,R30
0008b5 c002      	RJMP _0x2000032
                 _0x2000031:
0008b6 30e2      	CPI  R30,LOW(0x2)
0008b7 f429      	BRNE _0x2000033
                 _0x2000032:
0008b8 81ea      	LDD  R30,Y+2
0008b9 81ab      	LDD  R26,Y+3
0008ba 23ea      	AND  R30,R26
0008bb 2b1e      	OR   R17,R30
0008bc c00e      	RJMP _0x2000029
                 _0x2000033:
0008bd 30e1      	CPI  R30,LOW(0x1)
0008be f429      	BRNE _0x2000034
0008bf 81ea      	LDD  R30,Y+2
0008c0 81ab      	LDD  R26,Y+3
0008c1 23ea      	AND  R30,R26
0008c2 271e      	EOR  R17,R30
0008c3 c007      	RJMP _0x2000029
                 _0x2000034:
0008c4 30e4      	CPI  R30,LOW(0x4)
0008c5 f429      	BRNE _0x2000029
0008c6 81ea      	LDD  R30,Y+2
0008c7 95e0      	COM  R30
0008c8 81ab      	LDD  R26,Y+3
0008c9 2bea      	OR   R30,R26
0008ca 231e      	AND  R17,R30
                 _0x2000029:
0008cb 2fa1      	MOV  R26,R17
0008cc 940e 0e80 	CALL SUBOPT_0x10
0008ce 8118      	LDD  R17,Y+0
0008cf 9626      	ADIW R28,6
0008d0 9508      	RET
                 ; .FEND
                 _glcd_block:
                 ; .FSTART _glcd_block
0008d1 93aa      	ST   -Y,R26
0008d2 9723      	SBIW R28,3
0008d3 940e 0f7f 	CALL __SAVELOCR6
0008d5 89a8      	LDD  R26,Y+16
0008d6 38a0      	CPI  R26,LOW(0x80)
0008d7 f448      	BRSH _0x2000037
0008d8 85af      	LDD  R26,Y+15
0008d9 34a0      	CPI  R26,LOW(0x40)
0008da f430      	BRSH _0x2000037
0008db 85ae      	LDD  R26,Y+14
0008dc 30a0      	CPI  R26,LOW(0x0)
0008dd f019      	BREQ _0x2000037
0008de 85ad      	LDD  R26,Y+13
0008df 30a0      	CPI  R26,LOW(0x0)
0008e0 f409      	BRNE _0x2000036
                 _0x2000037:
0008e1 c1c8      	RJMP _0x2100009
                 _0x2000036:
0008e2 85ee      	LDD  R30,Y+14
0008e3 87e8      	STD  Y+8,R30
0008e4 89a8      	LDD  R26,Y+16
0008e5 27bb      	CLR  R27
0008e6 85ee      	LDD  R30,Y+14
0008e7 e0f0      	LDI  R31,0
0008e8 0fae      	ADD  R26,R30
0008e9 1fbf      	ADC  R27,R31
0008ea 38a1      	CPI  R26,LOW(0x81)
0008eb e0e0      	LDI  R30,HIGH(0x81)
0008ec 07be      	CPC  R27,R30
0008ed f020      	BRLO _0x2000039
0008ee 89a8      	LDD  R26,Y+16
0008ef e8e0      	LDI  R30,LOW(128)
0008f0 1bea      	SUB  R30,R26
0008f1 87ee      	STD  Y+14,R30
                 _0x2000039:
0008f2 852d      	LDD  R18,Y+13
0008f3 85af      	LDD  R26,Y+15
0008f4 27bb      	CLR  R27
0008f5 85ed      	LDD  R30,Y+13
0008f6 e0f0      	LDI  R31,0
0008f7 0fae      	ADD  R26,R30
0008f8 1fbf      	ADC  R27,R31
0008f9 34a1      	CPI  R26,LOW(0x41)
0008fa e0e0      	LDI  R30,HIGH(0x41)
0008fb 07be      	CPC  R27,R30
0008fc f020      	BRLO _0x200003A
0008fd 85af      	LDD  R26,Y+15
0008fe e4e0      	LDI  R30,LOW(64)
0008ff 1bea      	SUB  R30,R26
000900 87ed      	STD  Y+13,R30
                 _0x200003A:
000901 85a9      	LDD  R26,Y+9
000902 30a6      	CPI  R26,LOW(0x6)
000903 f009      	BREQ PC+2
000904 c05b      	RJMP _0x200003B
000905 85ec      	LDD  R30,Y+12
000906 30e1      	CPI  R30,LOW(0x1)
000907 f409      	BRNE _0x200003F
000908 c1a1      	RJMP _0x2100009
                 _0x200003F:
000909 30e3      	CPI  R30,LOW(0x3)
00090a f439      	BRNE _0x2000042
                +
00090b 91e0 0285+LDS R30 , _glcd_state + ( 27 )
00090d 91f0 0286+LDS R31 , _glcd_state + ( 27 ) + 1
                 	__GETW1MN _glcd_state,27
00090f 9730      	SBIW R30,0
000910 f409      	BRNE _0x2000041
000911 c198      	RJMP _0x2100009
                 _0x2000041:
                 _0x2000042:
000912 8508      	LDD  R16,Y+8
000913 85ed      	LDD  R30,Y+13
000914 95e6      	LSR  R30
000915 95e6      	LSR  R30
000916 95e6      	LSR  R30
000917 2f3e      	MOV  R19,R30
000918 2fe2      	MOV  R30,R18
000919 70e7      	ANDI R30,LOW(0x7)
00091a f419      	BRNE _0x2000044
00091b 85ad      	LDD  R26,Y+13
00091c 172a      	CP   R18,R26
00091d f0e9      	BREQ _0x2000043
                 _0x2000044:
00091e 2fa0      	MOV  R26,R16
00091f 27bb      	CLR  R27
000920 2fe3      	MOV  R30,R19
000921 e0f0      	LDI  R31,0
000922 940e 0f32 	CALL __MULW12U
000924 85aa      	LDD  R26,Y+10
000925 85bb      	LDD  R27,Y+10+1
000926 940e 0e84 	CALL SUBOPT_0x11
000928 9526      	LSR  R18
000929 9526      	LSR  R18
00092a 9526      	LSR  R18
00092b 2f53      	MOV  R21,R19
                 _0x2000046:
00092c 935f      	PUSH R21
00092d 5f5f      	SUBI R21,-1
00092e 2fe2      	MOV  R30,R18
00092f 91af      	POP  R26
000930 17ea      	CP   R30,R26
000931 f048      	BRLO _0x2000048
000932 2f10      	MOV  R17,R16
                 _0x2000049:
000933 2fe1      	MOV  R30,R17
000934 5011      	SUBI R17,1
000935 30e0      	CPI  R30,0
000936 f019      	BREQ _0x200004B
000937 940e 0e89 	CALL SUBOPT_0x12
000939 cff9      	RJMP _0x2000049
                 _0x200004B:
00093a cff1      	RJMP _0x2000046
                 _0x2000048:
                 _0x2000043:
00093b 85ae      	LDD  R26,Y+14
00093c 170a      	CP   R16,R26
00093d f111      	BREQ _0x200004C
00093e 85ee      	LDD  R30,Y+14
00093f 85aa      	LDD  R26,Y+10
000940 85bb      	LDD  R27,Y+10+1
000941 e0f0      	LDI  R31,0
000942 940e 0e84 	CALL SUBOPT_0x11
000944 85ed      	LDD  R30,Y+13
000945 70e7      	ANDI R30,LOW(0x7)
000946 f009      	BREQ _0x200004D
000947 5f3f      	SUBI R19,-LOW(1)
                 _0x200004D:
000948 e020      	LDI  R18,LOW(0)
                 _0x200004E:
000949 932f      	PUSH R18
00094a 5f2f      	SUBI R18,-1
00094b 2fe3      	MOV  R30,R19
00094c 91af      	POP  R26
00094d 17ae      	CP   R26,R30
00094e f488      	BRSH _0x2000050
00094f 851e      	LDD  R17,Y+14
                 _0x2000051:
000950 931f      	PUSH R17
000951 5f1f      	SUBI R17,-1
000952 2fe0      	MOV  R30,R16
000953 91af      	POP  R26
000954 17ae      	CP   R26,R30
000955 f418      	BRSH _0x2000053
000956 940e 0e89 	CALL SUBOPT_0x12
000958 cff7      	RJMP _0x2000051
                 _0x2000053:
000959 85ee      	LDD  R30,Y+14
00095a 81ae      	LDD  R26,Y+6
00095b 81bf      	LDD  R27,Y+6+1
00095c e0f0      	LDI  R31,0
00095d 940e 0e84 	CALL SUBOPT_0x11
00095f cfe9      	RJMP _0x200004E
                 _0x2000050:
                 _0x200004C:
                 _0x200003B:
000960 85ef      	LDD  R30,Y+15
000961 70e7      	ANDI R30,LOW(0x7)
000962 2f3e      	MOV  R19,R30
                 _0x2000054:
000963 85ed      	LDD  R30,Y+13
000964 30e0      	CPI  R30,0
000965 f409      	BRNE PC+2
000966 c143      	RJMP _0x2000056
000967 85ea      	LDD  R30,Y+10
000968 85fb      	LDD  R31,Y+10+1
000969 83ee      	STD  Y+6,R30
00096a 83ff      	STD  Y+6+1,R31
00096b e010      	LDI  R17,LOW(0)
00096c 8908      	LDD  R16,Y+16
00096d 3030      	CPI  R19,0
00096e f009      	BREQ PC+2
00096f c065      	RJMP _0x2000057
000970 85ad      	LDD  R26,Y+13
000971 30a8      	CPI  R26,LOW(0x8)
000972 f408      	BRSH PC+2
000973 c05c      	RJMP _0x2000058
000974 85e9      	LDD  R30,Y+9
000975 30e0      	CPI  R30,0
000976 f011      	BREQ _0x200005D
000977 30e3      	CPI  R30,LOW(0x3)
000978 f409      	BRNE _0x200005E
                 _0x200005D:
000979 c002      	RJMP _0x200005F
                 _0x200005E:
00097a 30e7      	CPI  R30,LOW(0x7)
00097b f409      	BRNE _0x2000060
                 _0x200005F:
00097c c002      	RJMP _0x2000061
                 _0x2000060:
00097d 30e8      	CPI  R30,LOW(0x8)
00097e f409      	BRNE _0x2000062
                 _0x2000061:
00097f c002      	RJMP _0x2000063
                 _0x2000062:
000980 30e6      	CPI  R30,LOW(0x6)
000981 f409      	BRNE _0x2000064
                 _0x2000063:
000982 c002      	RJMP _0x2000065
                 _0x2000064:
000983 30e9      	CPI  R30,LOW(0x9)
000984 f409      	BRNE _0x2000066
                 _0x2000065:
000985 c002      	RJMP _0x2000067
                 _0x2000066:
000986 30ea      	CPI  R30,LOW(0xA)
000987 f421      	BRNE _0x200005B
                 _0x2000067:
000988 930a      	ST   -Y,R16
000989 89e8      	LDD  R30,Y+16
00098a 940e 0e7a 	CALL SUBOPT_0xF
                 _0x200005B:
                 _0x2000069:
00098c 931f      	PUSH R17
00098d 5f1f      	SUBI R17,-1
00098e 85ee      	LDD  R30,Y+14
00098f 91af      	POP  R26
000990 17ae      	CP   R26,R30
000991 f5b8      	BRSH _0x200006B
000992 85a9      	LDD  R26,Y+9
000993 30a6      	CPI  R26,LOW(0x6)
000994 f461      	BRNE _0x200006C
000995 de3a      	RCALL _ks0108_rddata_G100
000996 ddf9      	RCALL _ks0108_setloc_G100
000997 940e 0e96 	CALL SUBOPT_0x13
000999 93fa      	ST   -Y,R31
00099a 93ea      	ST   -Y,R30
00099b de34      	RCALL _ks0108_rddata_G100
00099c 2fae      	MOV  R26,R30
00099d 940e 0e0b 	CALL _glcd_writemem
00099f de12      	RCALL _ks0108_nextx_G100
0009a0 c027      	RJMP _0x200006D
                 _0x200006C:
0009a1 85e9      	LDD  R30,Y+9
0009a2 30e9      	CPI  R30,LOW(0x9)
0009a3 f411      	BRNE _0x2000071
0009a4 e050      	LDI  R21,LOW(0)
0009a5 c00e      	RJMP _0x2000072
                 _0x2000071:
0009a6 30ea      	CPI  R30,LOW(0xA)
0009a7 f411      	BRNE _0x2000070
0009a8 ef5f      	LDI  R21,LOW(255)
0009a9 c00a      	RJMP _0x2000072
                 _0x2000070:
0009aa 940e 0e96 	CALL SUBOPT_0x13
0009ac 940e 0e9f 	CALL SUBOPT_0x14
0009ae 2f5e      	MOV  R21,R30
0009af 85e9      	LDD  R30,Y+9
0009b0 30e7      	CPI  R30,LOW(0x7)
0009b1 f011      	BREQ _0x2000079
0009b2 30e8      	CPI  R30,LOW(0x8)
0009b3 f421      	BRNE _0x200007A
                 _0x2000079:
                 _0x2000072:
0009b4 940e 0ea5 	CALL SUBOPT_0x15
0009b6 2f5e      	MOV  R21,R30
0009b7 c006      	RJMP _0x200007B
                 _0x200007A:
0009b8 30e3      	CPI  R30,LOW(0x3)
0009b9 f411      	BRNE _0x200007D
0009ba 9550      	COM  R21
0009bb c002      	RJMP _0x200007E
                 _0x200007D:
0009bc 30e0      	CPI  R30,0
0009bd f421      	BRNE _0x2000080
                 _0x200007E:
                 _0x200007B:
0009be 2fa5      	MOV  R26,R21
0009bf 940e 0e80 	CALL SUBOPT_0x10
0009c1 c006      	RJMP _0x2000077
                 _0x2000080:
0009c2 940e 0ea9 	CALL SUBOPT_0x16
0009c4 efef      	LDI  R30,LOW(255)
0009c5 93ea      	ST   -Y,R30
0009c6 85ad      	LDD  R26,Y+13
0009c7 dece      	RCALL _ks0108_wrmasked_G100
                 _0x2000077:
                 _0x200006D:
0009c8 cfc3      	RJMP _0x2000069
                 _0x200006B:
0009c9 85ef      	LDD  R30,Y+15
0009ca 5fe8      	SUBI R30,-LOW(8)
0009cb 87ef      	STD  Y+15,R30
0009cc 85ed      	LDD  R30,Y+13
0009cd 50e8      	SUBI R30,LOW(8)
0009ce 87ed      	STD  Y+13,R30
0009cf c0d1      	RJMP _0x2000081
                 _0x2000058:
0009d0 855d      	LDD  R21,Y+13
0009d1 e020      	LDI  R18,LOW(0)
0009d2 e0e0      	LDI  R30,LOW(0)
0009d3 87ed      	STD  Y+13,R30
0009d4 c07a      	RJMP _0x2000082
                 _0x2000057:
0009d5 2fe3      	MOV  R30,R19
0009d6 85ad      	LDD  R26,Y+13
0009d7 0fae      	ADD  R26,R30
0009d8 30a9      	CPI  R26,LOW(0x9)
0009d9 f420      	BRSH _0x2000083
0009da 852d      	LDD  R18,Y+13
0009db e0e0      	LDI  R30,LOW(0)
0009dc 87ed      	STD  Y+13,R30
0009dd c003      	RJMP _0x2000084
                 _0x2000083:
0009de e0e8      	LDI  R30,LOW(8)
0009df 1be3      	SUB  R30,R19
0009e0 2f2e      	MOV  R18,R30
                 _0x2000084:
0009e1 933a      	ST   -Y,R19
0009e2 2fa2      	MOV  R26,R18
0009e3 940e 0db9 	CALL _glcd_getmask
0009e5 2f4e      	MOV  R20,R30
0009e6 85e9      	LDD  R30,Y+9
0009e7 30e6      	CPI  R30,LOW(0x6)
0009e8 f4f1      	BRNE _0x2000088
                 _0x2000089:
0009e9 931f      	PUSH R17
0009ea 5f1f      	SUBI R17,-1
0009eb 85ee      	LDD  R30,Y+14
0009ec 91af      	POP  R26
0009ed 17ae      	CP   R26,R30
0009ee f4b8      	BRSH _0x200008B
0009ef 940e 0eaf 	CALL SUBOPT_0x17
0009f1 2fae      	MOV  R26,R30
0009f2 2fe3      	MOV  R30,R19
0009f3 940e 0f25 	CALL __LSRB12
0009f5 940e 0eb6 	CALL SUBOPT_0x18
0009f7 2fe3      	MOV  R30,R19
0009f8 2fa4      	MOV  R26,R20
0009f9 940e 0f25 	CALL __LSRB12
0009fb 95e0      	COM  R30
0009fc 21e1      	AND  R30,R1
0009fd 2b5e      	OR   R21,R30
0009fe 940e 0e96 	CALL SUBOPT_0x13
000a00 93fa      	ST   -Y,R31
000a01 93ea      	ST   -Y,R30
000a02 2fa5      	MOV  R26,R21
000a03 940e 0e0b 	CALL _glcd_writemem
000a05 cfe3      	RJMP _0x2000089
                 _0x200008B:
000a06 c02c      	RJMP _0x2000087
                 _0x2000088:
000a07 30e9      	CPI  R30,LOW(0x9)
000a08 f411      	BRNE _0x200008C
000a09 e050      	LDI  R21,LOW(0)
000a0a c003      	RJMP _0x200008D
                 _0x200008C:
000a0b 30ea      	CPI  R30,LOW(0xA)
000a0c f4a9      	BRNE _0x2000093
000a0d ef5f      	LDI  R21,LOW(255)
                 _0x200008D:
000a0e 940e 0ea5 	CALL SUBOPT_0x15
000a10 2fae      	MOV  R26,R30
000a11 2fe3      	MOV  R30,R19
000a12 940e 0f1d 	CALL __LSLB12
000a14 2f5e      	MOV  R21,R30
                 _0x2000090:
000a15 931f      	PUSH R17
000a16 5f1f      	SUBI R17,-1
000a17 85ee      	LDD  R30,Y+14
000a18 91af      	POP  R26
000a19 17ae      	CP   R26,R30
000a1a f430      	BRSH _0x2000092
000a1b 940e 0ea9 	CALL SUBOPT_0x16
000a1d 934a      	ST   -Y,R20
000a1e e0a0      	LDI  R26,LOW(0)
000a1f de76      	RCALL _ks0108_wrmasked_G100
000a20 cff4      	RJMP _0x2000090
                 _0x2000092:
000a21 c011      	RJMP _0x2000087
                 _0x2000093:
                 _0x2000094:
000a22 931f      	PUSH R17
000a23 5f1f      	SUBI R17,-1
000a24 85ee      	LDD  R30,Y+14
000a25 91af      	POP  R26
000a26 17ae      	CP   R26,R30
000a27 f458      	BRSH _0x2000096
000a28 940e 0ec1 	CALL SUBOPT_0x19
000a2a 2fae      	MOV  R26,R30
000a2b 2fe3      	MOV  R30,R19
000a2c 940e 0f1d 	CALL __LSLB12
000a2e 93ea      	ST   -Y,R30
000a2f 934a      	ST   -Y,R20
000a30 85ad      	LDD  R26,Y+13
000a31 de64      	RCALL _ks0108_wrmasked_G100
000a32 cfef      	RJMP _0x2000094
                 _0x2000096:
                 _0x2000087:
000a33 85ed      	LDD  R30,Y+13
000a34 30e0      	CPI  R30,0
000a35 f409      	BRNE _0x2000097
000a36 c073      	RJMP _0x2000056
                 _0x2000097:
000a37 85ad      	LDD  R26,Y+13
000a38 30a8      	CPI  R26,LOW(0x8)
000a39 f428      	BRSH _0x2000098
000a3a 85ed      	LDD  R30,Y+13
000a3b 1be2      	SUB  R30,R18
000a3c 2f5e      	MOV  R21,R30
000a3d e0e0      	LDI  R30,LOW(0)
000a3e c003      	RJMP _0x20000AD
                 _0x2000098:
000a3f 2f53      	MOV  R21,R19
000a40 85ed      	LDD  R30,Y+13
000a41 50e8      	SUBI R30,LOW(8)
                 _0x20000AD:
000a42 87ed      	STD  Y+13,R30
000a43 e010      	LDI  R17,LOW(0)
000a44 85ef      	LDD  R30,Y+15
000a45 5fe8      	SUBI R30,-LOW(8)
000a46 87ef      	STD  Y+15,R30
000a47 e0e8      	LDI  R30,LOW(8)
000a48 1be3      	SUB  R30,R19
000a49 2f2e      	MOV  R18,R30
000a4a 8908      	LDD  R16,Y+16
000a4b 85ea      	LDD  R30,Y+10
000a4c 85fb      	LDD  R31,Y+10+1
000a4d 83ee      	STD  Y+6,R30
000a4e 83ff      	STD  Y+6+1,R31
                 _0x2000082:
000a4f 2fe5      	MOV  R30,R21
000a50 e0f0      	LDI  R31,0
000a51 5ce0      	SUBI R30,LOW(-__glcd_mask*2)
000a52 4ff5      	SBCI R31,HIGH(-__glcd_mask*2)
000a53 9144      	LPM  R20,Z
000a54 85e9      	LDD  R30,Y+9
000a55 30e6      	CPI  R30,LOW(0x6)
000a56 f4f1      	BRNE _0x200009D
                 _0x200009E:
000a57 931f      	PUSH R17
000a58 5f1f      	SUBI R17,-1
000a59 85ee      	LDD  R30,Y+14
000a5a 91af      	POP  R26
000a5b 17ae      	CP   R26,R30
000a5c f4b8      	BRSH _0x20000A0
000a5d 940e 0eaf 	CALL SUBOPT_0x17
000a5f 2fae      	MOV  R26,R30
000a60 2fe2      	MOV  R30,R18
000a61 940e 0f1d 	CALL __LSLB12
000a63 940e 0eb6 	CALL SUBOPT_0x18
000a65 2fe2      	MOV  R30,R18
000a66 2fa4      	MOV  R26,R20
000a67 940e 0f1d 	CALL __LSLB12
000a69 95e0      	COM  R30
000a6a 21e1      	AND  R30,R1
000a6b 2b5e      	OR   R21,R30
000a6c 940e 0e96 	CALL SUBOPT_0x13
000a6e 93fa      	ST   -Y,R31
000a6f 93ea      	ST   -Y,R30
000a70 2fa5      	MOV  R26,R21
000a71 940e 0e0b 	CALL _glcd_writemem
000a73 cfe3      	RJMP _0x200009E
                 _0x20000A0:
000a74 c02c      	RJMP _0x200009C
                 _0x200009D:
000a75 30e9      	CPI  R30,LOW(0x9)
000a76 f411      	BRNE _0x20000A1
000a77 e050      	LDI  R21,LOW(0)
000a78 c003      	RJMP _0x20000A2
                 _0x20000A1:
000a79 30ea      	CPI  R30,LOW(0xA)
000a7a f4a9      	BRNE _0x20000A8
000a7b ef5f      	LDI  R21,LOW(255)
                 _0x20000A2:
000a7c 940e 0ea5 	CALL SUBOPT_0x15
000a7e 2fae      	MOV  R26,R30
000a7f 2fe2      	MOV  R30,R18
000a80 940e 0f25 	CALL __LSRB12
000a82 2f5e      	MOV  R21,R30
                 _0x20000A5:
000a83 931f      	PUSH R17
000a84 5f1f      	SUBI R17,-1
000a85 85ee      	LDD  R30,Y+14
000a86 91af      	POP  R26
000a87 17ae      	CP   R26,R30
000a88 f430      	BRSH _0x20000A7
000a89 940e 0ea9 	CALL SUBOPT_0x16
000a8b 934a      	ST   -Y,R20
000a8c e0a0      	LDI  R26,LOW(0)
000a8d de08      	RCALL _ks0108_wrmasked_G100
000a8e cff4      	RJMP _0x20000A5
                 _0x20000A7:
000a8f c011      	RJMP _0x200009C
                 _0x20000A8:
                 _0x20000A9:
000a90 931f      	PUSH R17
000a91 5f1f      	SUBI R17,-1
000a92 85ee      	LDD  R30,Y+14
000a93 91af      	POP  R26
000a94 17ae      	CP   R26,R30
000a95 f458      	BRSH _0x20000AB
000a96 940e 0ec1 	CALL SUBOPT_0x19
000a98 2fae      	MOV  R26,R30
000a99 2fe2      	MOV  R30,R18
000a9a 940e 0f25 	CALL __LSRB12
000a9c 93ea      	ST   -Y,R30
000a9d 934a      	ST   -Y,R20
000a9e 85ad      	LDD  R26,Y+13
000a9f ddf6      	RCALL _ks0108_wrmasked_G100
000aa0 cfef      	RJMP _0x20000A9
                 _0x20000AB:
                 _0x200009C:
                 _0x2000081:
000aa1 85e8      	LDD  R30,Y+8
000aa2 85aa      	LDD  R26,Y+10
000aa3 85bb      	LDD  R27,Y+10+1
000aa4 e0f0      	LDI  R31,0
000aa5 0fea      	ADD  R30,R26
000aa6 1ffb      	ADC  R31,R27
000aa7 87ea      	STD  Y+10,R30
000aa8 87fb      	STD  Y+10+1,R31
000aa9 ceb9      	RJMP _0x2000054
                 _0x2000056:
                 _0x2100009:
000aaa 940e 0f86 	CALL __LOADLOCR6
000aac 9661      	ADIW R28,17
000aad 9508      	RET
                 ; .FEND
                 
                 	.CSEG
                 _glcd_clipx:
                 ; .FSTART _glcd_clipx
000aae 940e 0ece 	CALL SUBOPT_0x1A
000ab0 f024      	BRLT _0x2020003
000ab1 e0e0      	LDI  R30,LOW(0)
000ab2 e0f0      	LDI  R31,HIGH(0)
000ab3 940c 0dc2 	JMP  _0x2100003
                 _0x2020003:
000ab5 81a8      	LD   R26,Y
000ab6 81b9      	LDD  R27,Y+1
000ab7 38a0      	CPI  R26,LOW(0x80)
000ab8 e0e0      	LDI  R30,HIGH(0x80)
000ab9 07be      	CPC  R27,R30
000aba f024      	BRLT _0x2020004
000abb e7ef      	LDI  R30,LOW(127)
000abc e0f0      	LDI  R31,HIGH(127)
000abd 940c 0dc2 	JMP  _0x2100003
                 _0x2020004:
000abf 81e8      	LD   R30,Y
000ac0 81f9      	LDD  R31,Y+1
000ac1 940c 0dc2 	JMP  _0x2100003
                 ; .FEND
                 _glcd_clipy:
                 ; .FSTART _glcd_clipy
000ac3 940e 0ece 	CALL SUBOPT_0x1A
000ac5 f024      	BRLT _0x2020005
000ac6 e0e0      	LDI  R30,LOW(0)
000ac7 e0f0      	LDI  R31,HIGH(0)
000ac8 940c 0dc2 	JMP  _0x2100003
                 _0x2020005:
000aca 81a8      	LD   R26,Y
000acb 81b9      	LDD  R27,Y+1
000acc 34a0      	CPI  R26,LOW(0x40)
000acd e0e0      	LDI  R30,HIGH(0x40)
000ace 07be      	CPC  R27,R30
000acf f024      	BRLT _0x2020006
000ad0 e3ef      	LDI  R30,LOW(63)
000ad1 e0f0      	LDI  R31,HIGH(63)
000ad2 940c 0dc2 	JMP  _0x2100003
                 _0x2020006:
000ad4 81e8      	LD   R30,Y
000ad5 81f9      	LDD  R31,Y+1
000ad6 940c 0dc2 	JMP  _0x2100003
                 ; .FEND
                 _glcd_imagesize:
                 ; .FSTART _glcd_imagesize
000ad8 93aa      	ST   -Y,R26
000ad9 931a      	ST   -Y,R17
000ada 81aa      	LDD  R26,Y+2
000adb 38a0      	CPI  R26,LOW(0x80)
000adc f418      	BRSH _0x2020008
000add 81a9      	LDD  R26,Y+1
000ade 34a0      	CPI  R26,LOW(0x40)
000adf f038      	BRLO _0x2020007
                 _0x2020008:
                +
000ae0 e0e0     +LDI R30 , LOW ( 0x0 )
000ae1 e0f0     +LDI R31 , HIGH ( 0x0 )
000ae2 e060     +LDI R22 , BYTE3 ( 0x0 )
000ae3 e070     +LDI R23 , BYTE4 ( 0x0 )
                 	__GETD1N 0x0
000ae4 8118      	LDD  R17,Y+0
000ae5 940c 0e09 	JMP  _0x2100002
                 _0x2020007:
000ae7 81e9      	LDD  R30,Y+1
000ae8 70e7      	ANDI R30,LOW(0x7)
000ae9 2f1e      	MOV  R17,R30
000aea 81e9      	LDD  R30,Y+1
000aeb 95e6      	LSR  R30
000aec 95e6      	LSR  R30
000aed 95e6      	LSR  R30
000aee 83e9      	STD  Y+1,R30
000aef 3010      	CPI  R17,0
000af0 f011      	BREQ _0x202000A
000af1 5fef      	SUBI R30,-LOW(1)
000af2 83e9      	STD  Y+1,R30
                 _0x202000A:
000af3 81aa      	LDD  R26,Y+2
000af4 27bb      	CLR  R27
000af5 2788      	CLR  R24
000af6 2799      	CLR  R25
000af7 81e9      	LDD  R30,Y+1
000af8 27ff      	CLR  R31
000af9 2766      	CLR  R22
000afa 2777      	CLR  R23
000afb 940e 0f3a 	CALL __MULD12U
                +
000afd 5fec     +SUBI R30 , LOW ( - 4 )
000afe 4fff     +SBCI R31 , HIGH ( - 4 )
000aff 4f6f     +SBCI R22 , BYTE3 ( - 4 )
000b00 4f7f     +SBCI R23 , BYTE4 ( - 4 )
                 	__ADDD1N 4
000b01 8118      	LDD  R17,Y+0
000b02 940c 0e09 	JMP  _0x2100002
                 ; .FEND
                 _glcd_getcharw_G101:
                 ; .FSTART _glcd_getcharw_G101
000b04 93ba      	ST   -Y,R27
000b05 93aa      	ST   -Y,R26
000b06 9723      	SBIW R28,3
000b07 940e 0ed5 	CALL SUBOPT_0x1B
000b09 018f      	MOVW R16,R30
000b0a 2e00      	MOV  R0,R16
000b0b 2a01      	OR   R0,R17
000b0c f419      	BRNE _0x202000B
000b0d e0e0      	LDI  R30,LOW(0)
000b0e e0f0      	LDI  R31,HIGH(0)
000b0f c05f      	RJMP _0x2100008
                 _0x202000B:
000b10 940e 0edc 	CALL SUBOPT_0x1C
000b12 820f      	STD  Y+7,R0
000b13 940e 0edc 	CALL SUBOPT_0x1C
000b15 820e      	STD  Y+6,R0
000b16 940e 0edc 	CALL SUBOPT_0x1C
000b18 8608      	STD  Y+8,R0
000b19 85eb      	LDD  R30,Y+11
000b1a 85a8      	LDD  R26,Y+8
000b1b 17ea      	CP   R30,R26
000b1c f418      	BRSH _0x202000C
000b1d e0e0      	LDI  R30,LOW(0)
000b1e e0f0      	LDI  R31,HIGH(0)
000b1f c04f      	RJMP _0x2100008
                 _0x202000C:
000b20 01f8      	MOVW R30,R16
                +
000b21 5f0f     +SUBI R16 , LOW ( - 1 )
000b22 4f1f     +SBCI R17 , HIGH ( - 1 )
                 	__ADDWRN 16,17,1
000b23 9154      	LPM  R21,Z
000b24 85a8      	LDD  R26,Y+8
000b25 27bb      	CLR  R27
000b26 27ee      	CLR  R30
000b27 0fa5      	ADD  R26,R21
000b28 1fbe      	ADC  R27,R30
000b29 85eb      	LDD  R30,Y+11
000b2a e0f0      	LDI  R31,0
000b2b 17ea      	CP   R30,R26
000b2c 07fb      	CPC  R31,R27
000b2d f018      	BRLO _0x202000D
000b2e e0e0      	LDI  R30,LOW(0)
000b2f e0f0      	LDI  R31,HIGH(0)
000b30 c03e      	RJMP _0x2100008
                 _0x202000D:
000b31 81ee      	LDD  R30,Y+6
000b32 95e6      	LSR  R30
000b33 95e6      	LSR  R30
000b34 95e6      	LSR  R30
000b35 2f4e      	MOV  R20,R30
000b36 81ee      	LDD  R30,Y+6
000b37 70e7      	ANDI R30,LOW(0x7)
000b38 f009      	BREQ _0x202000E
000b39 5f4f      	SUBI R20,-LOW(1)
                 _0x202000E:
000b3a 81ef      	LDD  R30,Y+7
000b3b 30e0      	CPI  R30,0
000b3c f0a1      	BREQ _0x202000F
000b3d 85a9      	LDD  R26,Y+9
000b3e 85ba      	LDD  R27,Y+9+1
000b3f 93ec      	ST   X,R30
000b40 85a8      	LDD  R26,Y+8
000b41 85eb      	LDD  R30,Y+11
000b42 1bea      	SUB  R30,R26
000b43 e0f0      	LDI  R31,0
000b44 01df      	MOVW R26,R30
000b45 81ef      	LDD  R30,Y+7
000b46 e0f0      	LDI  R31,0
000b47 940e 0f32 	CALL __MULW12U
000b49 01df      	MOVW R26,R30
000b4a 2fe4      	MOV  R30,R20
000b4b e0f0      	LDI  R31,0
000b4c 940e 0f32 	CALL __MULW12U
000b4e 0fe0      	ADD  R30,R16
000b4f 1ff1      	ADC  R31,R17
000b50 c01e      	RJMP _0x2100008
                 _0x202000F:
000b51 0198      	MOVW R18,R16
000b52 2fe5      	MOV  R30,R21
000b53 e0f0      	LDI  R31,0
                +
000b54 0f0e     +ADD R16 , R30
000b55 1f1f     +ADC R17 , R31
                 	__ADDWRR 16,17,30,31
                 _0x2020010:
000b56 85a8      	LDD  R26,Y+8
000b57 5faf      	SUBI R26,-LOW(1)
000b58 87a8      	STD  Y+8,R26
000b59 50a1      	SUBI R26,LOW(1)
000b5a 85eb      	LDD  R30,Y+11
000b5b 17ae      	CP   R26,R30
000b5c f460      	BRSH _0x2020012
000b5d 01f9      	MOVW R30,R18
                +
000b5e 5f2f     +SUBI R18 , LOW ( - 1 )
000b5f 4f3f     +SBCI R19 , HIGH ( - 1 )
                 	__ADDWRN 18,19,1
000b60 91a4      	LPM  R26,Z
000b61 e0b0      	LDI  R27,0
000b62 2fe4      	MOV  R30,R20
000b63 e0f0      	LDI  R31,0
000b64 940e 0f32 	CALL __MULW12U
                +
000b66 0f0e     +ADD R16 , R30
000b67 1f1f     +ADC R17 , R31
                 	__ADDWRR 16,17,30,31
000b68 cfed      	RJMP _0x2020010
                 _0x2020012:
000b69 01f9      	MOVW R30,R18
000b6a 91e4      	LPM  R30,Z
000b6b 85a9      	LDD  R26,Y+9
000b6c 85ba      	LDD  R27,Y+9+1
000b6d 93ec      	ST   X,R30
000b6e 01f8      	MOVW R30,R16
                 _0x2100008:
000b6f 940e 0f86 	CALL __LOADLOCR6
000b71 962c      	ADIW R28,12
000b72 9508      	RET
                 ; .FEND
                 _glcd_new_line_G101:
                 ; .FSTART _glcd_new_line_G101
000b73 e0e0      	LDI  R30,LOW(0)
                +
000b74 93e0 026c+STS _glcd_state + ( 2 ) , R30
                 	__PUTB1MN _glcd_state,2
                +
000b76 91a0 026d+LDS R26 , _glcd_state + ( 3 )
                 	__GETB2MN _glcd_state,3
000b78 27bb      	CLR  R27
000b79 940e 0ee1 	CALL SUBOPT_0x1D
000b7b e0f0      	LDI  R31,0
000b7c 0fae      	ADD  R26,R30
000b7d 1fbf      	ADC  R27,R31
                +
000b7e 91e0 0271+LDS R30 , _glcd_state + ( 7 )
                 	__GETB1MN _glcd_state,7
000b80 e0f0      	LDI  R31,0
000b81 0fae      	ADD  R26,R30
000b82 1fbf      	ADC  R27,R31
000b83 df3f      	RCALL _glcd_clipy
                +
000b84 93e0 026d+STS _glcd_state + ( 3 ) , R30
                 	__PUTB1MN _glcd_state,3
000b86 9508      	RET
                 ; .FEND
                 _glcd_putchar:
                 ; .FSTART _glcd_putchar
000b87 93aa      	ST   -Y,R26
000b88 9721      	SBIW R28,1
000b89 940e 0ed5 	CALL SUBOPT_0x1B
000b8b 9730      	SBIW R30,0
000b8c f409      	BRNE PC+2
000b8d c059      	RJMP _0x202001F
000b8e 81af      	LDD  R26,Y+7
000b8f 30aa      	CPI  R26,LOW(0xA)
000b90 f409      	BRNE _0x2020020
000b91 c051      	RJMP _0x2020021
                 _0x2020020:
000b92 81ef      	LDD  R30,Y+7
000b93 93ea      	ST   -Y,R30
000b94 01de      	MOVW R26,R28
000b95 9617      	ADIW R26,7
000b96 df6d      	RCALL _glcd_getcharw_G101
000b97 01af      	MOVW R20,R30
000b98 9730      	SBIW R30,0
000b99 f419      	BRNE _0x2020022
000b9a 940e 0f86 	CALL __LOADLOCR6
000b9c c20a      	RJMP _0x2100005
                 _0x2020022:
                +
000b9d 91e0 0270+LDS R30 , _glcd_state + ( 6 )
                 	__GETB1MN _glcd_state,6
000b9f 81ae      	LDD  R26,Y+6
000ba0 0fea      	ADD  R30,R26
000ba1 2f3e      	MOV  R19,R30
                +
000ba2 91a0 026c+LDS R26 , _glcd_state + ( 2 )
                 	__GETB2MN _glcd_state,2
000ba4 27bb      	CLR  R27
000ba5 e0f0      	LDI  R31,0
000ba6 0fea      	ADD  R30,R26
000ba7 1ffb      	ADC  R31,R27
000ba8 018f      	MOVW R16,R30
                +
000ba9 3801     +CPI R16 , LOW ( 129 )
000baa e0e0     +LDI R30 , HIGH ( 129 )
000bab 071e     +CPC R17 , R30
                 	__CPWRN 16,17,129
000bac f018      	BRLO _0x2020023
000bad 2f03      	MOV  R16,R19
000bae 2711      	CLR  R17
000baf dfc3      	RCALL _glcd_new_line_G101
                 _0x2020023:
                +
000bb0 91e0 026c+LDS R30 , _glcd_state + ( 2 )
                 	__GETB1MN _glcd_state,2
000bb2 93ea      	ST   -Y,R30
                +
000bb3 91e0 026d+LDS R30 , _glcd_state + ( 3 )
                 	__GETB1MN _glcd_state,3
000bb5 93ea      	ST   -Y,R30
000bb6 85e8      	LDD  R30,Y+8
000bb7 93ea      	ST   -Y,R30
000bb8 940e 0ee1 	CALL SUBOPT_0x1D
000bba 93ea      	ST   -Y,R30
000bbb e0e1      	LDI  R30,LOW(1)
000bbc 93ea      	ST   -Y,R30
000bbd 935a      	ST   -Y,R21
000bbe 934a      	ST   -Y,R20
000bbf e0a7      	LDI  R26,LOW(7)
000bc0 dd10      	RCALL _glcd_block
                +
000bc1 91e0 026c+LDS R30 , _glcd_state + ( 2 )
                 	__GETB1MN _glcd_state,2
000bc3 81ae      	LDD  R26,Y+6
000bc4 0fea      	ADD  R30,R26
000bc5 93ea      	ST   -Y,R30
                +
000bc6 91e0 026d+LDS R30 , _glcd_state + ( 3 )
                 	__GETB1MN _glcd_state,3
000bc8 93ea      	ST   -Y,R30
                +
000bc9 91e0 0270+LDS R30 , _glcd_state + ( 6 )
                 	__GETB1MN _glcd_state,6
000bcb 93ea      	ST   -Y,R30
000bcc 940e 0ee1 	CALL SUBOPT_0x1D
000bce 940e 0ee8 	CALL SUBOPT_0x1E
                +
000bd0 91e0 026c+LDS R30 , _glcd_state + ( 2 )
                 	__GETB1MN _glcd_state,2
000bd2 93ea      	ST   -Y,R30
                +
000bd3 91a0 026d+LDS R26 , _glcd_state + ( 3 )
                 	__GETB2MN _glcd_state,3
000bd5 940e 0ee1 	CALL SUBOPT_0x1D
000bd7 0fea      	ADD  R30,R26
000bd8 93ea      	ST   -Y,R30
000bd9 933a      	ST   -Y,R19
                +
000bda 91e0 0271+LDS R30 , _glcd_state + ( 7 )
                 	__GETB1MN _glcd_state,7
000bdc 940e 0ee8 	CALL SUBOPT_0x1E
000bde e8e0      	LDI  R30,LOW(128)
000bdf e0f0      	LDI  R31,HIGH(128)
000be0 17e0      	CP   R30,R16
000be1 07f1      	CPC  R31,R17
000be2 f421      	BRNE _0x2020024
                 _0x2020021:
000be3 df8f      	RCALL _glcd_new_line_G101
000be4 940e 0f86 	CALL __LOADLOCR6
000be6 c1c0      	RJMP _0x2100005
                 _0x2020024:
                 _0x202001F:
                +
000be7 9300 026c+STS _glcd_state + ( 2 ) , R16
                 	__PUTBMRN _glcd_state,2,16
000be9 940e 0f86 	CALL __LOADLOCR6
000beb c1bb      	RJMP _0x2100005
                 ; .FEND
                 _glcd_outtextxy:
                 ; .FSTART _glcd_outtextxy
000bec 93ba      	ST   -Y,R27
000bed 93aa      	ST   -Y,R26
000bee 931a      	ST   -Y,R17
000bef 81ec      	LDD  R30,Y+4
000bf0 93ea      	ST   -Y,R30
000bf1 81ac      	LDD  R26,Y+4
000bf2 d055      	RCALL _glcd_moveto
                 _0x2020025:
000bf3 81a9      	LDD  R26,Y+1
000bf4 81ba      	LDD  R27,Y+1+1
000bf5 91ed      	LD   R30,X+
000bf6 83a9      	STD  Y+1,R26
000bf7 83ba      	STD  Y+1+1,R27
000bf8 2f1e      	MOV  R17,R30
000bf9 30e0      	CPI  R30,0
000bfa f019      	BREQ _0x2020027
000bfb 2fa1      	MOV  R26,R17
000bfc df8a      	RCALL _glcd_putchar
000bfd cff5      	RJMP _0x2020025
                 _0x2020027:
000bfe 8118      	LDD  R17,Y+0
000bff c1b7      	RJMP _0x2100004
                 ; .FEND
                 _glcd_putimagef:
                 ; .FSTART _glcd_putimagef
000c00 93aa      	ST   -Y,R26
000c01 940e 0f81 	CALL __SAVELOCR4
000c03 81ac      	LDD  R26,Y+4
000c04 30a5      	CPI  R26,LOW(0x5)
000c05 f500      	BRSH _0x2020038
000c06 81ed      	LDD  R30,Y+5
000c07 81fe      	LDD  R31,Y+5+1
000c08 9105      	LPM  R16,Z+
000c09 940e 0ef2 	CALL SUBOPT_0x1F
000c0b 9115      	LPM  R17,Z+
000c0c 940e 0ef2 	CALL SUBOPT_0x1F
000c0e 9125      	LPM  R18,Z+
000c0f 940e 0ef2 	CALL SUBOPT_0x1F
000c11 9135      	LPM  R19,Z+
000c12 83ed      	STD  Y+5,R30
000c13 83fe      	STD  Y+5+1,R31
000c14 85e8      	LDD  R30,Y+8
000c15 93ea      	ST   -Y,R30
000c16 85e8      	LDD  R30,Y+8
000c17 93ea      	ST   -Y,R30
000c18 930a      	ST   -Y,R16
000c19 932a      	ST   -Y,R18
000c1a e0e1      	LDI  R30,LOW(1)
000c1b 93ea      	ST   -Y,R30
000c1c 85ea      	LDD  R30,Y+10
000c1d 85fb      	LDD  R31,Y+10+1
000c1e 93fa      	ST   -Y,R31
000c1f 93ea      	ST   -Y,R30
000c20 85ab      	LDD  R26,Y+11
000c21 dcaf      	RCALL _glcd_block
000c22 930a      	ST   -Y,R16
000c23 2fa2      	MOV  R26,R18
000c24 deb3      	RCALL _glcd_imagesize
000c25 c004      	RJMP _0x2100007
                 _0x2020038:
                +
000c26 e0e0     +LDI R30 , LOW ( 0x0 )
000c27 e0f0     +LDI R31 , HIGH ( 0x0 )
000c28 e060     +LDI R22 , BYTE3 ( 0x0 )
000c29 e070     +LDI R23 , BYTE4 ( 0x0 )
                 	__GETD1N 0x0
                 _0x2100007:
000c2a 940e 0f88 	CALL __LOADLOCR4
000c2c 9629      	ADIW R28,9
000c2d 9508      	RET
                 ; .FEND
                 _glcd_putpixelm_G101:
                 ; .FSTART _glcd_putpixelm_G101
000c2e 93aa      	ST   -Y,R26
000c2f 81ea      	LDD  R30,Y+2
000c30 93ea      	ST   -Y,R30
000c31 81ea      	LDD  R30,Y+2
000c32 93ea      	ST   -Y,R30
                +
000c33 91e0 0273+LDS R30 , _glcd_state + ( 9 )
                 	__GETB1MN _glcd_state,9
000c35 81aa      	LDD  R26,Y+2
000c36 23ea      	AND  R30,R26
000c37 f019      	BREQ _0x202003E
000c38 91e0 026a 	LDS  R30,_glcd_state
000c3a c002      	RJMP _0x202003F
                 _0x202003E:
                +
000c3b 91e0 026b+LDS R30 , _glcd_state + ( 1 )
                 	__GETB1MN _glcd_state,1
                 _0x202003F:
000c3d 2fae      	MOV  R26,R30
000c3e dc30      	RCALL _glcd_putpixel
000c3f 81e8      	LD   R30,Y
000c40 0fee      	LSL  R30
000c41 83e8      	ST   Y,R30
000c42 30e0      	CPI  R30,0
000c43 f411      	BRNE _0x2020041
000c44 e0e1      	LDI  R30,LOW(1)
000c45 83e8      	ST   Y,R30
                 _0x2020041:
000c46 81e8      	LD   R30,Y
000c47 c1c1      	RJMP _0x2100002
                 ; .FEND
                 _glcd_moveto:
                 ; .FSTART _glcd_moveto
000c48 93aa      	ST   -Y,R26
000c49 81a9      	LDD  R26,Y+1
000c4a 27bb      	CLR  R27
000c4b de62      	RCALL _glcd_clipx
                +
000c4c 93e0 026c+STS _glcd_state + ( 2 ) , R30
                 	__PUTB1MN _glcd_state,2
000c4e 81a8      	LD   R26,Y
000c4f 27bb      	CLR  R27
000c50 de72      	RCALL _glcd_clipy
                +
000c51 93e0 026d+STS _glcd_state + ( 3 ) , R30
                 	__PUTB1MN _glcd_state,3
000c53 c16e      	RJMP _0x2100003
                 ; .FEND
                 _glcd_line:
                 ; .FSTART _glcd_line
000c54 93aa      	ST   -Y,R26
000c55 972b      	SBIW R28,11
000c56 940e 0f7f 	CALL __SAVELOCR6
000c58 89ac      	LDD  R26,Y+20
000c59 27bb      	CLR  R27
000c5a de53      	RCALL _glcd_clipx
000c5b 8bec      	STD  Y+20,R30
000c5c 89aa      	LDD  R26,Y+18
000c5d 27bb      	CLR  R27
000c5e de4f      	RCALL _glcd_clipx
000c5f 8bea      	STD  Y+18,R30
000c60 89ab      	LDD  R26,Y+19
000c61 27bb      	CLR  R27
000c62 de60      	RCALL _glcd_clipy
000c63 8beb      	STD  Y+19,R30
000c64 89a9      	LDD  R26,Y+17
000c65 27bb      	CLR  R27
000c66 de5c      	RCALL _glcd_clipy
000c67 8be9      	STD  Y+17,R30
000c68 89ea      	LDD  R30,Y+18
                +
000c69 93e0 026c+STS _glcd_state + ( 2 ) , R30
                 	__PUTB1MN _glcd_state,2
000c6b 89e9      	LDD  R30,Y+17
                +
000c6c 93e0 026d+STS _glcd_state + ( 3 ) , R30
                 	__PUTB1MN _glcd_state,3
000c6e e0e1      	LDI  R30,LOW(1)
000c6f 87e8      	STD  Y+8,R30
000c70 89e9      	LDD  R30,Y+17
000c71 89ab      	LDD  R26,Y+19
000c72 17ea      	CP   R30,R26
000c73 f571      	BRNE _0x2020042
000c74 891c      	LDD  R17,Y+20
000c75 89aa      	LDD  R26,Y+18
000c76 171a      	CP   R17,R26
000c77 f431      	BRNE _0x2020043
000c78 931a      	ST   -Y,R17
000c79 89ec      	LDD  R30,Y+20
000c7a 93ea      	ST   -Y,R30
000c7b e0a1      	LDI  R26,LOW(1)
000c7c dfb1      	RCALL _glcd_putpixelm_G101
000c7d c0c8      	RJMP _0x2100006
                 _0x2020043:
000c7e 89aa      	LDD  R26,Y+18
000c7f 171a      	CP   R17,R26
000c80 f430      	BRSH _0x2020044
000c81 89ea      	LDD  R30,Y+18
000c82 1be1      	SUB  R30,R17
000c83 2f0e      	MOV  R16,R30
                +
000c84 e041     +LDI R20 , LOW ( 1 )
000c85 e050     +LDI R21 , HIGH ( 1 )
                 	__GETWRN 20,21,1
000c86 c006      	RJMP _0x2020045
                 _0x2020044:
000c87 89aa      	LDD  R26,Y+18
000c88 2fe1      	MOV  R30,R17
000c89 1bea      	SUB  R30,R26
000c8a 2f0e      	MOV  R16,R30
                +
000c8b ef4f     +LDI R20 , LOW ( - 1 )
000c8c ef5f     +LDI R21 , HIGH ( - 1 )
                 	__GETWRN 20,21,-1
                 _0x2020045:
                 _0x2020047:
000c8d 893b      	LDD  R19,Y+19
000c8e e0e0      	LDI  R30,LOW(0)
000c8f 83ee      	STD  Y+6,R30
                 _0x2020049:
000c90 940e 0ef5 	CALL SUBOPT_0x20
000c92 f438      	BRSH _0x202004B
000c93 931a      	ST   -Y,R17
000c94 933a      	ST   -Y,R19
000c95 9533      	INC  R19
000c96 85aa      	LDD  R26,Y+10
000c97 df96      	RCALL _glcd_putpixelm_G101
000c98 83ef      	STD  Y+7,R30
000c99 cff6      	RJMP _0x2020049
                 _0x202004B:
000c9a 81ef      	LDD  R30,Y+7
000c9b 87e8      	STD  Y+8,R30
000c9c 0f14      	ADD  R17,R20
000c9d 2fe0      	MOV  R30,R16
000c9e 5001      	SUBI R16,1
000c9f 30e0      	CPI  R30,0
000ca0 f761      	BRNE _0x2020047
000ca1 c0a4      	RJMP _0x202004C
                 _0x2020042:
000ca2 89ea      	LDD  R30,Y+18
000ca3 89ac      	LDD  R26,Y+20
000ca4 17ea      	CP   R30,R26
000ca5 f539      	BRNE _0x202004D
000ca6 893b      	LDD  R19,Y+19
000ca7 89a9      	LDD  R26,Y+17
000ca8 173a      	CP   R19,R26
000ca9 f430      	BRSH _0x202004E
000caa 89e9      	LDD  R30,Y+17
000cab 1be3      	SUB  R30,R19
000cac 2f2e      	MOV  R18,R30
000cad e0e1      	LDI  R30,LOW(1)
000cae e0f0      	LDI  R31,HIGH(1)
000caf c006      	RJMP _0x202011B
                 _0x202004E:
000cb0 89a9      	LDD  R26,Y+17
000cb1 2fe3      	MOV  R30,R19
000cb2 1bea      	SUB  R30,R26
000cb3 2f2e      	MOV  R18,R30
000cb4 efef      	LDI  R30,LOW(65535)
000cb5 efff      	LDI  R31,HIGH(65535)
                 _0x202011B:
000cb6 87ed      	STD  Y+13,R30
000cb7 87fe      	STD  Y+13+1,R31
                 _0x2020051:
000cb8 891c      	LDD  R17,Y+20
000cb9 e0e0      	LDI  R30,LOW(0)
000cba 83ee      	STD  Y+6,R30
                 _0x2020053:
000cbb 940e 0ef5 	CALL SUBOPT_0x20
000cbd f430      	BRSH _0x2020055
000cbe 931a      	ST   -Y,R17
000cbf 9513      	INC  R17
000cc0 940e 0efd 	CALL SUBOPT_0x21
000cc2 83ef      	STD  Y+7,R30
000cc3 cff7      	RJMP _0x2020053
                 _0x2020055:
000cc4 81ef      	LDD  R30,Y+7
000cc5 87e8      	STD  Y+8,R30
000cc6 85ed      	LDD  R30,Y+13
000cc7 0f3e      	ADD  R19,R30
000cc8 2fe2      	MOV  R30,R18
000cc9 5021      	SUBI R18,1
000cca 30e0      	CPI  R30,0
000ccb f761      	BRNE _0x2020051
000ccc c079      	RJMP _0x2020056
                 _0x202004D:
000ccd e0e0      	LDI  R30,LOW(0)
000cce 83ee      	STD  Y+6,R30
                 _0x2020057:
000ccf 940e 0ef5 	CALL SUBOPT_0x20
000cd1 f008      	BRLO PC+2
000cd2 c073      	RJMP _0x2020059
000cd3 891c      	LDD  R17,Y+20
000cd4 893b      	LDD  R19,Y+19
000cd5 e0e1      	LDI  R30,LOW(1)
000cd6 2f2e      	MOV  R18,R30
000cd7 2f0e      	MOV  R16,R30
000cd8 89aa      	LDD  R26,Y+18
000cd9 27bb      	CLR  R27
000cda 89ec      	LDD  R30,Y+20
000cdb e0f0      	LDI  R31,0
000cdc 1bae      	SUB  R26,R30
000cdd 0bbf      	SBC  R27,R31
000cde 01ad      	MOVW R20,R26
000cdf 2355      	TST  R21
000ce0 f42a      	BRPL _0x202005A
000ce1 ef0f      	LDI  R16,LOW(255)
000ce2 01fa      	MOVW R30,R20
000ce3 940e 0f19 	CALL __ANEGW1
000ce5 01af      	MOVW R20,R30
                 _0x202005A:
000ce6 01fa      	MOVW R30,R20
000ce7 0fee      	LSL  R30
000ce8 1fff      	ROL  R31
000ce9 87ef      	STD  Y+15,R30
000cea 8bf8      	STD  Y+15+1,R31
000ceb 89a9      	LDD  R26,Y+17
000cec 27bb      	CLR  R27
000ced 89eb      	LDD  R30,Y+19
000cee e0f0      	LDI  R31,0
000cef 1bae      	SUB  R26,R30
000cf0 0bbf      	SBC  R27,R31
000cf1 87ad      	STD  Y+13,R26
000cf2 87be      	STD  Y+13+1,R27
000cf3 85ae      	LDD  R26,Y+14
000cf4 23aa      	TST  R26
000cf5 f43a      	BRPL _0x202005B
000cf6 ef2f      	LDI  R18,LOW(255)
000cf7 85ed      	LDD  R30,Y+13
000cf8 85fe      	LDD  R31,Y+13+1
000cf9 940e 0f19 	CALL __ANEGW1
000cfb 87ed      	STD  Y+13,R30
000cfc 87fe      	STD  Y+13+1,R31
                 _0x202005B:
000cfd 85ed      	LDD  R30,Y+13
000cfe 85fe      	LDD  R31,Y+13+1
000cff 0fee      	LSL  R30
000d00 1fff      	ROL  R31
000d01 87eb      	STD  Y+11,R30
000d02 87fc      	STD  Y+11+1,R31
000d03 931a      	ST   -Y,R17
000d04 933a      	ST   -Y,R19
000d05 e0a1      	LDI  R26,LOW(1)
000d06 df27      	RCALL _glcd_putpixelm_G101
000d07 87e8      	STD  Y+8,R30
000d08 e0e0      	LDI  R30,LOW(0)
000d09 87e9      	STD  Y+9,R30
000d0a 87ea      	STD  Y+9+1,R30
000d0b 85ad      	LDD  R26,Y+13
000d0c 85be      	LDD  R27,Y+13+1
000d0d 174a      	CP   R20,R26
000d0e 075b      	CPC  R21,R27
000d0f f0bc      	BRLT _0x202005C
                 _0x202005E:
000d10 0f10      	ADD  R17,R16
000d11 85eb      	LDD  R30,Y+11
000d12 85fc      	LDD  R31,Y+11+1
000d13 940e 0f01 	CALL SUBOPT_0x22
000d15 85a9      	LDD  R26,Y+9
000d16 85ba      	LDD  R27,Y+9+1
000d17 174a      	CP   R20,R26
000d18 075b      	CPC  R21,R27
000d19 f42c      	BRGE _0x2020060
000d1a 0f32      	ADD  R19,R18
000d1b 85af      	LDD  R26,Y+15
000d1c 89b8      	LDD  R27,Y+15+1
000d1d 940e 0f08 	CALL SUBOPT_0x23
                 _0x2020060:
000d1f 931a      	ST   -Y,R17
000d20 940e 0efd 	CALL SUBOPT_0x21
000d22 87e8      	STD  Y+8,R30
000d23 89ea      	LDD  R30,Y+18
000d24 17e1      	CP   R30,R17
000d25 f751      	BRNE _0x202005E
000d26 c018      	RJMP _0x2020061
                 _0x202005C:
                 _0x2020063:
000d27 0f32      	ADD  R19,R18
000d28 85ef      	LDD  R30,Y+15
000d29 89f8      	LDD  R31,Y+15+1
000d2a 940e 0f01 	CALL SUBOPT_0x22
000d2c 85ed      	LDD  R30,Y+13
000d2d 85fe      	LDD  R31,Y+13+1
000d2e 85a9      	LDD  R26,Y+9
000d2f 85ba      	LDD  R27,Y+9+1
000d30 17ea      	CP   R30,R26
000d31 07fb      	CPC  R31,R27
000d32 f42c      	BRGE _0x2020065
000d33 0f10      	ADD  R17,R16
000d34 85ab      	LDD  R26,Y+11
000d35 85bc      	LDD  R27,Y+11+1
000d36 940e 0f08 	CALL SUBOPT_0x23
                 _0x2020065:
000d38 931a      	ST   -Y,R17
000d39 940e 0efd 	CALL SUBOPT_0x21
000d3b 87e8      	STD  Y+8,R30
000d3c 89e9      	LDD  R30,Y+17
000d3d 17e3      	CP   R30,R19
000d3e f741      	BRNE _0x2020063
                 _0x2020061:
000d3f 89eb      	LDD  R30,Y+19
000d40 5fef      	SUBI R30,-LOW(1)
000d41 8beb      	STD  Y+19,R30
000d42 89e9      	LDD  R30,Y+17
000d43 5fef      	SUBI R30,-LOW(1)
000d44 8be9      	STD  Y+17,R30
000d45 cf89      	RJMP _0x2020057
                 _0x2020059:
                 _0x2020056:
                 _0x202004C:
                 _0x2100006:
000d46 940e 0f86 	CALL __LOADLOCR6
000d48 9665      	ADIW R28,21
000d49 9508      	RET
                 ; .FEND
                 _glcd_corners_G101:
                 ; .FSTART _glcd_corners_G101
000d4a 93ba      	ST   -Y,R27
000d4b 93aa      	ST   -Y,R26
000d4c 940e 0f7f 	CALL __SAVELOCR6
000d4e 81ee      	LDD  R30,Y+6
000d4f 81ff      	LDD  R31,Y+6+1
000d50 8113      	LDD  R17,Z+3
000d51 8101      	LDD  R16,Z+1
000d52 8132      	LDD  R19,Z+2
000d53 81ae      	LDD  R26,Y+6
000d54 81bf      	LDD  R27,Y+6+1
000d55 912c      	LD   R18,X
000d56 1701      	CP   R16,R17
000d57 f418      	BRSH _0x2020066
000d58 2f50      	MOV  R21,R16
000d59 2f01      	MOV  R16,R17
000d5a 2f15      	MOV  R17,R21
                 _0x2020066:
000d5b 1723      	CP   R18,R19
000d5c f418      	BRSH _0x2020067
000d5d 2f52      	MOV  R21,R18
000d5e 2f23      	MOV  R18,R19
000d5f 2f35      	MOV  R19,R21
                 _0x2020067:
000d60 2fe1      	MOV  R30,R17
                +
000d61 81ae     +LDD R26 , Y + 6
000d62 81bf     +LDD R27 , Y + 6 + 1
000d63 9613     +ADIW R26 , 3
000d64 93ec     +ST X , R30
                 	__PUTB1SNS 6,3
000d65 2fe3      	MOV  R30,R19
                +
000d66 81ae     +LDD R26 , Y + 6
000d67 81bf     +LDD R27 , Y + 6 + 1
000d68 9612     +ADIW R26 , 2
000d69 93ec     +ST X , R30
                 	__PUTB1SNS 6,2
000d6a 2fe0      	MOV  R30,R16
                +
000d6b 81ae     +LDD R26 , Y + 6
000d6c 81bf     +LDD R27 , Y + 6 + 1
000d6d 9611     +ADIW R26 , 1
000d6e 93ec     +ST X , R30
                 	__PUTB1SNS 6,1
000d6f 81ae      	LDD  R26,Y+6
000d70 81bf      	LDD  R27,Y+6+1
000d71 932c      	ST   X,R18
000d72 940e 0f86 	CALL __LOADLOCR6
000d74 c032      	RJMP _0x2100005
                 ; .FEND
                 _glcd_rectangle:
                 ; .FSTART _glcd_rectangle
000d75 93aa      	ST   -Y,R26
000d76 940e 0f81 	CALL __SAVELOCR4
                +
000d78 91e0 0272+LDS R30 , _glcd_state + ( 8 )
                 	__GETB1MN _glcd_state,8
000d7a 50e1      	SUBI R30,LOW(1)
000d7b 2f3e      	MOV  R19,R30
000d7c 01de      	MOVW R26,R28
000d7d 9614      	ADIW R26,4
000d7e dfcb      	RCALL _glcd_corners_G101
000d7f 81ed      	LDD  R30,Y+5
000d80 1be3      	SUB  R30,R19
000d81 2f1e      	MOV  R17,R30
000d82 81ec      	LDD  R30,Y+4
000d83 1be3      	SUB  R30,R19
000d84 2f0e      	MOV  R16,R30
000d85 81ef      	LDD  R30,Y+7
000d86 93ea      	ST   -Y,R30
000d87 81ef      	LDD  R30,Y+7
000d88 93ea      	ST   -Y,R30
000d89 931a      	ST   -Y,R17
000d8a 85a9      	LDD  R26,Y+9
000d8b dec8      	RCALL _glcd_line
000d8c 931a      	ST   -Y,R17
000d8d 81ef      	LDD  R30,Y+7
000d8e 93ea      	ST   -Y,R30
000d8f 931a      	ST   -Y,R17
000d90 2fa0      	MOV  R26,R16
000d91 dec2      	RCALL _glcd_line
000d92 81ed      	LDD  R30,Y+5
000d93 93ea      	ST   -Y,R30
000d94 930a      	ST   -Y,R16
000d95 2fe3      	MOV  R30,R19
000d96 85a9      	LDD  R26,Y+9
000d97 0fea      	ADD  R30,R26
000d98 93ea      	ST   -Y,R30
000d99 2fa0      	MOV  R26,R16
000d9a deb9      	RCALL _glcd_line
000d9b 81ef      	LDD  R30,Y+7
000d9c 93ea      	ST   -Y,R30
000d9d 81ed      	LDD  R30,Y+5
000d9e 93ea      	ST   -Y,R30
000d9f 85e9      	LDD  R30,Y+9
000da0 93ea      	ST   -Y,R30
000da1 2fe3      	MOV  R30,R19
000da2 85a9      	LDD  R26,Y+9
000da3 0fae      	ADD  R26,R30
000da4 deaf      	RCALL _glcd_line
000da5 940e 0f88 	CALL __LOADLOCR4
                 _0x2100005:
000da7 9628      	ADIW R28,8
000da8 9508      	RET
                 ; .FEND
                 
                 	.CSEG
                 _memset:
                 ; .FSTART _memset
000da9 93ba      	ST   -Y,R27
000daa 93aa      	ST   -Y,R26
000dab 81b9          ldd  r27,y+1
000dac 81a8          ld   r26,y
000dad 9610          adiw r26,0
000dae f031          breq memset1
000daf 81fc          ldd  r31,y+4
000db0 81eb          ldd  r30,y+3
000db1 816a          ldd  r22,y+2
                 memset0:
000db2 9361          st   z+,r22
000db3 9711          sbiw r26,1
000db4 f7e9          brne memset0
                 memset1:
000db5 81eb          ldd  r30,y+3
000db6 81fc          ldd  r31,y+4
                 _0x2100004:
000db7 9625      	ADIW R28,5
000db8 9508      	RET
                 ; .FEND
                 
                 	.CSEG
                 _glcd_getmask:
                 ; .FSTART _glcd_getmask
000db9 93aa      	ST   -Y,R26
000dba 81e8      	LD   R30,Y
000dbb e0f0      	LDI  R31,0
000dbc 5ce0      	SUBI R30,LOW(-__glcd_mask*2)
000dbd 4ff5      	SBCI R31,HIGH(-__glcd_mask*2)
000dbe 91a4      	LPM  R26,Z
000dbf 81e9      	LDD  R30,Y+1
000dc0 940e 0f1d 	CALL __LSLB12
                 _0x2100003:
000dc2 9622      	ADIW R28,2
000dc3 9508      	RET
                 ; .FEND
                 _glcd_mappixcolor1bit:
                 ; .FSTART _glcd_mappixcolor1bit
000dc4 93aa      	ST   -Y,R26
000dc5 931a      	ST   -Y,R17
000dc6 81e9      	LDD  R30,Y+1
000dc7 30e7      	CPI  R30,LOW(0x7)
000dc8 f011      	BREQ _0x2080007
000dc9 30ea      	CPI  R30,LOW(0xA)
000dca f419      	BRNE _0x2080008
                 _0x2080007:
000dcb 9110 026a 	LDS  R17,_glcd_state
000dcd c009      	RJMP _0x2080009
                 _0x2080008:
000dce 30e9      	CPI  R30,LOW(0x9)
000dcf f419      	BRNE _0x208000B
                +
000dd0 9110 026b+LDS R17 , _glcd_state + ( 1 )
                 	__GETBRMN 17,_glcd_state,1
000dd2 c004      	RJMP _0x2080009
                 _0x208000B:
000dd3 30e8      	CPI  R30,LOW(0x8)
000dd4 f4a1      	BRNE _0x2080005
                +
000dd5 9110 027a+LDS R17 , _glcd_state + ( 16 )
                 	__GETBRMN 17,_glcd_state,16
                 _0x2080009:
                +
000dd7 91e0 026b+LDS R30 , _glcd_state + ( 1 )
                 	__GETB1MN _glcd_state,1
000dd9 30e0      	CPI  R30,0
000dda f049      	BREQ _0x208000E
000ddb 3010      	CPI  R17,0
000ddc f019      	BREQ _0x208000F
000ddd efef      	LDI  R30,LOW(255)
000dde 8118      	LDD  R17,Y+0
000ddf c029      	RJMP _0x2100002
                 _0x208000F:
000de0 81ea      	LDD  R30,Y+2
000de1 95e0      	COM  R30
000de2 8118      	LDD  R17,Y+0
000de3 c025      	RJMP _0x2100002
                 _0x208000E:
000de4 3010      	CPI  R17,0
000de5 f419      	BRNE _0x2080011
000de6 e0e0      	LDI  R30,LOW(0)
000de7 8118      	LDD  R17,Y+0
000de8 c020      	RJMP _0x2100002
                 _0x2080011:
                 _0x2080005:
000de9 81ea      	LDD  R30,Y+2
000dea 8118      	LDD  R17,Y+0
000deb c01d      	RJMP _0x2100002
                 ; .FEND
                 _glcd_readmem:
                 ; .FSTART _glcd_readmem
000dec 93ba      	ST   -Y,R27
000ded 93aa      	ST   -Y,R26
000dee 81ea      	LDD  R30,Y+2
000def 30e1      	CPI  R30,LOW(0x1)
000df0 f421      	BRNE _0x2080015
000df1 81e8      	LD   R30,Y
000df2 81f9      	LDD  R31,Y+1
000df3 91e4      	LPM  R30,Z
000df4 c014      	RJMP _0x2100002
                 _0x2080015:
000df5 30e2      	CPI  R30,LOW(0x2)
000df6 f429      	BRNE _0x2080016
000df7 81a8      	LD   R26,Y
000df8 81b9      	LDD  R27,Y+1
000df9 940e 0f5e 	CALL __EEPROMRDB
000dfb c00d      	RJMP _0x2100002
                 _0x2080016:
000dfc 30e3      	CPI  R30,LOW(0x3)
000dfd f441      	BRNE _0x2080018
000dfe 81a8      	LD   R26,Y
000dff 81b9      	LDD  R27,Y+1
                +
000e00 91e0 0283+LDS R30 , _glcd_state + ( 25 )
000e02 91f0 0284+LDS R31 , _glcd_state + ( 25 ) + 1
000e04 9509     +ICALL
                 	__CALL1MN _glcd_state,25
000e05 c003      	RJMP _0x2100002
                 _0x2080018:
000e06 81a8      	LD   R26,Y
000e07 81b9      	LDD  R27,Y+1
000e08 91ec      	LD   R30,X
                 _0x2100002:
000e09 9623      	ADIW R28,3
000e0a 9508      	RET
                 ; .FEND
                 _glcd_writemem:
                 ; .FSTART _glcd_writemem
000e0b 93aa      	ST   -Y,R26
000e0c 81eb      	LDD  R30,Y+3
000e0d 30e0      	CPI  R30,0
000e0e f429      	BRNE _0x208001C
000e0f 81e8      	LD   R30,Y
000e10 81a9      	LDD  R26,Y+1
000e11 81ba      	LDD  R27,Y+1+1
000e12 93ec      	ST   X,R30
000e13 c014      	RJMP _0x208001B
                 _0x208001C:
000e14 30e2      	CPI  R30,LOW(0x2)
000e15 f431      	BRNE _0x208001D
000e16 81e8      	LD   R30,Y
000e17 81a9      	LDD  R26,Y+1
000e18 81ba      	LDD  R27,Y+1+1
000e19 940e 0f6a 	CALL __EEPROMWRB
000e1b c00c      	RJMP _0x208001B
                 _0x208001D:
000e1c 30e3      	CPI  R30,LOW(0x3)
000e1d f451      	BRNE _0x208001B
000e1e 81e9      	LDD  R30,Y+1
000e1f 81fa      	LDD  R31,Y+1+1
000e20 93fa      	ST   -Y,R31
000e21 93ea      	ST   -Y,R30
000e22 81aa      	LDD  R26,Y+2
                +
000e23 91e0 0285+LDS R30 , _glcd_state + ( 27 )
000e25 91f0 0286+LDS R31 , _glcd_state + ( 27 ) + 1
000e27 9509     +ICALL
                 	__CALL1MN _glcd_state,27
                 _0x208001B:
                 _0x2100001:
000e28 9624      	ADIW R28,4
000e29 9508      	RET
                 ; .FEND
                 
                 	.CSEG
                 
                 	.CSEG
                 
                 	.DSEG
                 
                 	.CSEG
                 
                 	.CSEG
                 
                 	.DSEG
                 _glcd_state:
00026a           	.BYTE 0x1D
                 _outstatus:
000287           	.BYTE 0x8
                 _ks0108_coord_G100:
00028f           	.BYTE 0x3
                 __seed_G106:
000292           	.BYTE 0x4
                 
                 	.CSEG
                 ;OPTIMIZER ADDED SUBROUTINE, CALLED 6 TIMES, CODE SIZE REDUCTION:7 WORDS
                 SUBOPT_0x0:
000e2a e0e0      	LDI  R30,LOW(0)
000e2b 93ea      	ST   -Y,R30
000e2c 93ea      	ST   -Y,R30
000e2d 9508      	RET
                 
                 ;OPTIMIZER ADDED SUBROUTINE, CALLED 6 TIMES, CODE SIZE REDUCTION:12 WORDS
                 SUBOPT_0x1:
000e2e 93fa      	ST   -Y,R31
000e2f 93ea      	ST   -Y,R30
000e30 e0a0      	LDI  R26,LOW(0)
000e31 940c 0c00 	JMP  _glcd_putimagef
                 
                 ;OPTIMIZER ADDED SUBROUTINE, CALLED 5 TIMES, CODE SIZE REDUCTION:5 WORDS
                 SUBOPT_0x2:
000e33 e3ec      	LDI  R30,LOW(_image3*2)
000e34 e0f6      	LDI  R31,HIGH(_image3*2)
000e35 cff8      	RJMP SUBOPT_0x1
                 
                 ;OPTIMIZER ADDED SUBROUTINE, CALLED 3 TIMES, CODE SIZE REDUCTION:7 WORDS
                 SUBOPT_0x3:
000e36 e0a0      	LDI  R26,0
000e37 9980      	SBIC 0x10,0
000e38 e0a1      	LDI  R26,1
000e39 e0e0      	LDI  R30,0
000e3a 9981      	SBIC 0x10,1
000e3b e0e1      	LDI  R30,1
000e3c 17ea      	CP   R30,R26
000e3d 9508      	RET
                 
                 ;OPTIMIZER ADDED SUBROUTINE, CALLED 3 TIMES, CODE SIZE REDUCTION:1 WORDS
                 SUBOPT_0x4:
000e3e e0e3      	LDI  R30,LOW(3)
000e3f e0f0      	LDI  R31,HIGH(3)
000e40 15ea      	CP   R30,R10
000e41 05fb      	CPC  R31,R11
000e42 9508      	RET
                 
                 ;OPTIMIZER ADDED SUBROUTINE, CALLED 4 TIMES, CODE SIZE REDUCTION:3 WORDS
                 SUBOPT_0x5:
000e43 e0ea      	LDI  R30,LOW(10)
000e44 93ea      	ST   -Y,R30
000e45 e0e8      	LDI  R30,LOW(8)
000e46 93ea      	ST   -Y,R30
000e47 9508      	RET
                 
                 ;OPTIMIZER ADDED SUBROUTINE, CALLED 3 TIMES, CODE SIZE REDUCTION:1 WORDS
                 SUBOPT_0x6:
000e48 91e0 0287 	LDS  R30,_outstatus
000e4a 91f0 0288 	LDS  R31,_outstatus+1
000e4c 9508      	RET
                 
                 ;OPTIMIZER ADDED SUBROUTINE, CALLED 5 TIMES, CODE SIZE REDUCTION:5 WORDS
                 SUBOPT_0x7:
                +
000e4d 91e0 0289+LDS R30 , _outstatus + ( 2 )
000e4f 91f0 028a+LDS R31 , _outstatus + ( 2 ) + 1
                 	__GETW1MN _outstatus,2
000e51 9508      	RET
                 
                 ;OPTIMIZER ADDED SUBROUTINE, CALLED 4 TIMES, CODE SIZE REDUCTION:3 WORDS
                 SUBOPT_0x8:
000e52 e4e7      	LDI  R30,LOW(71)
000e53 93ea      	ST   -Y,R30
000e54 e0e8      	LDI  R30,LOW(8)
000e55 93ea      	ST   -Y,R30
000e56 9508      	RET
                 
                 ;OPTIMIZER ADDED SUBROUTINE, CALLED 5 TIMES, CODE SIZE REDUCTION:5 WORDS
                 SUBOPT_0x9:
                +
000e57 91e0 028b+LDS R30 , _outstatus + ( 4 )
000e59 91f0 028c+LDS R31 , _outstatus + ( 4 ) + 1
                 	__GETW1MN _outstatus,4
000e5b 9508      	RET
                 
                 ;OPTIMIZER ADDED SUBROUTINE, CALLED 4 TIMES, CODE SIZE REDUCTION:3 WORDS
                 SUBOPT_0xA:
000e5c e0ea      	LDI  R30,LOW(10)
000e5d 93ea      	ST   -Y,R30
000e5e e2e9      	LDI  R30,LOW(41)
000e5f 93ea      	ST   -Y,R30
000e60 9508      	RET
                 
                 ;OPTIMIZER ADDED SUBROUTINE, CALLED 5 TIMES, CODE SIZE REDUCTION:5 WORDS
                 SUBOPT_0xB:
                +
000e61 91e0 028d+LDS R30 , _outstatus + ( 6 )
000e63 91f0 028e+LDS R31 , _outstatus + ( 6 ) + 1
                 	__GETW1MN _outstatus,6
000e65 9508      	RET
                 
                 ;OPTIMIZER ADDED SUBROUTINE, CALLED 4 TIMES, CODE SIZE REDUCTION:3 WORDS
                 SUBOPT_0xC:
000e66 e4e7      	LDI  R30,LOW(71)
000e67 93ea      	ST   -Y,R30
000e68 e2e9      	LDI  R30,LOW(41)
000e69 93ea      	ST   -Y,R30
000e6a 9508      	RET
                 
                 ;OPTIMIZER ADDED SUBROUTINE, CALLED 3 TIMES, CODE SIZE REDUCTION:3 WORDS
                 SUBOPT_0xD:
000e6b 940e 0f2d 	CALL __LNEGW1
000e6d e0f0      	LDI  R31,0
000e6e 93ed      	ST   X+,R30
000e6f 93fc      	ST   X,R31
000e70 9508      	RET
                 
                 ;OPTIMIZER ADDED SUBROUTINE, CALLED 2 TIMES, CODE SIZE REDUCTION:4 WORDS
                 SUBOPT_0xE:
000e71 98a9      	CBI  0x15,1
000e72 efef      	LDI  R30,LOW(255)
000e73 bbea      	OUT  0x1A,R30
000e74 81e8      	LD   R30,Y
000e75 bbeb      	OUT  0x1B,R30
000e76 940e 0763 	CALL _ks0108_enable_G100
000e78 940c 0767 	JMP  _ks0108_disable_G100
                 
                 ;OPTIMIZER ADDED SUBROUTINE, CALLED 2 TIMES, CODE SIZE REDUCTION:1 WORDS
                 SUBOPT_0xF:
000e7a 95e6      	LSR  R30
000e7b 95e6      	LSR  R30
000e7c 95e6      	LSR  R30
000e7d 2fae      	MOV  R26,R30
000e7e 940c 07a2 	JMP  _ks0108_gotoxp_G100
                 
                 ;OPTIMIZER ADDED SUBROUTINE, CALLED 3 TIMES, CODE SIZE REDUCTION:1 WORDS
                 SUBOPT_0x10:
000e80 940e 07c7 	CALL _ks0108_wrdata_G100
000e82 940c 07b2 	JMP  _ks0108_nextx_G100
                 
                 ;OPTIMIZER ADDED SUBROUTINE, CALLED 3 TIMES, CODE SIZE REDUCTION:1 WORDS
                 SUBOPT_0x11:
000e84 0fea      	ADD  R30,R26
000e85 1ffb      	ADC  R31,R27
000e86 83ee      	STD  Y+6,R30
000e87 83ff      	STD  Y+6+1,R31
000e88 9508      	RET
                 
                 ;OPTIMIZER ADDED SUBROUTINE, CALLED 2 TIMES, CODE SIZE REDUCTION:8 WORDS
                 SUBOPT_0x12:
000e89 85ec      	LDD  R30,Y+12
000e8a 93ea      	ST   -Y,R30
000e8b 81ef      	LDD  R30,Y+7
000e8c 85f8      	LDD  R31,Y+7+1
000e8d 9631      	ADIW R30,1
000e8e 83ef      	STD  Y+7,R30
000e8f 87f8      	STD  Y+7+1,R31
000e90 9731      	SBIW R30,1
000e91 93fa      	ST   -Y,R31
000e92 93ea      	ST   -Y,R30
000e93 e0a0      	LDI  R26,LOW(0)
000e94 940c 0e0b 	JMP  _glcd_writemem
                 
                 ;OPTIMIZER ADDED SUBROUTINE, CALLED 4 TIMES, CODE SIZE REDUCTION:15 WORDS
                 SUBOPT_0x13:
000e96 85ec      	LDD  R30,Y+12
000e97 93ea      	ST   -Y,R30
000e98 81ef      	LDD  R30,Y+7
000e99 85f8      	LDD  R31,Y+7+1
000e9a 9631      	ADIW R30,1
000e9b 83ef      	STD  Y+7,R30
000e9c 87f8      	STD  Y+7+1,R31
000e9d 9731      	SBIW R30,1
000e9e 9508      	RET
                 
                 ;OPTIMIZER ADDED SUBROUTINE, CALLED 3 TIMES, CODE SIZE REDUCTION:5 WORDS
                 SUBOPT_0x14:
000e9f 2766      	CLR  R22
000ea0 2777      	CLR  R23
000ea1 01df      	MOVW R26,R30
000ea2 01cb      	MOVW R24,R22
000ea3 940c 0dec 	JMP  _glcd_readmem
                 
                 ;OPTIMIZER ADDED SUBROUTINE, CALLED 3 TIMES, CODE SIZE REDUCTION:1 WORDS
                 SUBOPT_0x15:
000ea5 935a      	ST   -Y,R21
000ea6 85aa      	LDD  R26,Y+10
000ea7 940c 0dc4 	JMP  _glcd_mappixcolor1bit
                 
                 ;OPTIMIZER ADDED SUBROUTINE, CALLED 3 TIMES, CODE SIZE REDUCTION:3 WORDS
                 SUBOPT_0x16:
000ea9 930a      	ST   -Y,R16
000eaa 9503      	INC  R16
000eab 89e8      	LDD  R30,Y+16
000eac 93ea      	ST   -Y,R30
000ead 935a      	ST   -Y,R21
000eae 9508      	RET
                 
                 ;OPTIMIZER ADDED SUBROUTINE, CALLED 2 TIMES, CODE SIZE REDUCTION:1 WORDS
                 SUBOPT_0x17:
000eaf 930a      	ST   -Y,R16
000eb0 9503      	INC  R16
000eb1 89a8      	LDD  R26,Y+16
000eb2 940e 07d9 	CALL _ks0108_rdbyte_G100
000eb4 23e4      	AND  R30,R20
000eb5 9508      	RET
                 
                 ;OPTIMIZER ADDED SUBROUTINE, CALLED 2 TIMES, CODE SIZE REDUCTION:5 WORDS
                 SUBOPT_0x18:
000eb6 2f5e      	MOV  R21,R30
000eb7 85ec      	LDD  R30,Y+12
000eb8 93ea      	ST   -Y,R30
000eb9 81af      	LDD  R26,Y+7
000eba 85b8      	LDD  R27,Y+7+1
000ebb 2788      	CLR  R24
000ebc 2799      	CLR  R25
000ebd 940e 0dec 	CALL _glcd_readmem
000ebf 2e1e      	MOV  R1,R30
000ec0 9508      	RET
                 
                 ;OPTIMIZER ADDED SUBROUTINE, CALLED 2 TIMES, CODE SIZE REDUCTION:9 WORDS
                 SUBOPT_0x19:
000ec1 930a      	ST   -Y,R16
000ec2 9503      	INC  R16
000ec3 89e8      	LDD  R30,Y+16
000ec4 93ea      	ST   -Y,R30
000ec5 85ee      	LDD  R30,Y+14
000ec6 93ea      	ST   -Y,R30
000ec7 85e9      	LDD  R30,Y+9
000ec8 85fa      	LDD  R31,Y+9+1
000ec9 9631      	ADIW R30,1
000eca 87e9      	STD  Y+9,R30
000ecb 87fa      	STD  Y+9+1,R31
000ecc 9731      	SBIW R30,1
000ecd cfd1      	RJMP SUBOPT_0x14
                 
                 ;OPTIMIZER ADDED SUBROUTINE, CALLED 2 TIMES, CODE SIZE REDUCTION:1 WORDS
                 SUBOPT_0x1A:
000ece 93ba      	ST   -Y,R27
000ecf 93aa      	ST   -Y,R26
000ed0 81a8      	LD   R26,Y
000ed1 81b9      	LDD  R27,Y+1
000ed2 940e 0f7b 	CALL __CPW02
000ed4 9508      	RET
                 
                 ;OPTIMIZER ADDED SUBROUTINE, CALLED 2 TIMES, CODE SIZE REDUCTION:1 WORDS
                 SUBOPT_0x1B:
000ed5 940e 0f7f 	CALL __SAVELOCR6
                +
000ed7 91e0 026e+LDS R30 , _glcd_state + ( 4 )
000ed9 91f0 026f+LDS R31 , _glcd_state + ( 4 ) + 1
                 	__GETW1MN _glcd_state,4
000edb 9508      	RET
                 
                 ;OPTIMIZER ADDED SUBROUTINE, CALLED 3 TIMES, CODE SIZE REDUCTION:1 WORDS
                 SUBOPT_0x1C:
000edc 01f8      	MOVW R30,R16
                +
000edd 5f0f     +SUBI R16 , LOW ( - 1 )
000ede 4f1f     +SBCI R17 , HIGH ( - 1 )
                 	__ADDWRN 16,17,1
000edf 9004      	LPM  R0,Z
000ee0 9508      	RET
                 
                 ;OPTIMIZER ADDED SUBROUTINE, CALLED 4 TIMES, CODE SIZE REDUCTION:9 WORDS
                 SUBOPT_0x1D:
                +
000ee1 91e0 026e+LDS R30 , _glcd_state + ( 4 )
000ee3 91f0 026f+LDS R31 , _glcd_state + ( 4 ) + 1
                 	__GETW1MN _glcd_state,4
000ee5 9631      	ADIW R30,1
000ee6 91e4      	LPM  R30,Z
000ee7 9508      	RET
                 
                 ;OPTIMIZER ADDED SUBROUTINE, CALLED 2 TIMES, CODE SIZE REDUCTION:5 WORDS
                 SUBOPT_0x1E:
000ee8 93ea      	ST   -Y,R30
000ee9 e0e0      	LDI  R30,LOW(0)
000eea 93ea      	ST   -Y,R30
000eeb e0e0      	LDI  R30,LOW(0)
000eec e0f0      	LDI  R31,HIGH(0)
000eed 93fa      	ST   -Y,R31
000eee 93ea      	ST   -Y,R30
000eef e0a9      	LDI  R26,LOW(9)
000ef0 940c 08d1 	JMP  _glcd_block
                 
                 ;OPTIMIZER ADDED SUBROUTINE, CALLED 3 TIMES, CODE SIZE REDUCTION:1 WORDS
                 SUBOPT_0x1F:
000ef2 83ed      	STD  Y+5,R30
000ef3 83fe      	STD  Y+5+1,R31
000ef4 9508      	RET
                 
                 ;OPTIMIZER ADDED SUBROUTINE, CALLED 3 TIMES, CODE SIZE REDUCTION:7 WORDS
                 SUBOPT_0x20:
000ef5 81ae      	LDD  R26,Y+6
000ef6 5faf      	SUBI R26,-LOW(1)
000ef7 83ae      	STD  Y+6,R26
000ef8 50a1      	SUBI R26,LOW(1)
                +
000ef9 91e0 0272+LDS R30 , _glcd_state + ( 8 )
                 	__GETB1MN _glcd_state,8
000efb 17ae      	CP   R26,R30
000efc 9508      	RET
                 
                 ;OPTIMIZER ADDED SUBROUTINE, CALLED 3 TIMES, CODE SIZE REDUCTION:1 WORDS
                 SUBOPT_0x21:
000efd 933a      	ST   -Y,R19
000efe 85aa      	LDD  R26,Y+10
000eff 940c 0c2e 	JMP  _glcd_putpixelm_G101
                 
                 ;OPTIMIZER ADDED SUBROUTINE, CALLED 2 TIMES, CODE SIZE REDUCTION:1 WORDS
                 SUBOPT_0x22:
000f01 85a9      	LDD  R26,Y+9
000f02 85ba      	LDD  R27,Y+9+1
000f03 0fea      	ADD  R30,R26
000f04 1ffb      	ADC  R31,R27
000f05 87e9      	STD  Y+9,R30
000f06 87fa      	STD  Y+9+1,R31
000f07 9508      	RET
                 
                 ;OPTIMIZER ADDED SUBROUTINE, CALLED 2 TIMES, CODE SIZE REDUCTION:1 WORDS
                 SUBOPT_0x23:
000f08 85e9      	LDD  R30,Y+9
000f09 85fa      	LDD  R31,Y+9+1
000f0a 1bea      	SUB  R30,R26
000f0b 0bfb      	SBC  R31,R27
000f0c 87e9      	STD  Y+9,R30
000f0d 87fa      	STD  Y+9+1,R31
000f0e 9508      	RET
                 
                 
                 	.CSEG
                 _delay_ms:
000f0f 9610      	adiw r26,0
000f10 f039      	breq __delay_ms1
                 __delay_ms0:
000f11 95a8      	wdr
                +
000f12 ed80     +LDI R24 , LOW ( 0x7D0 )
000f13 e097     +LDI R25 , HIGH ( 0x7D0 )
                +__DELAY_USW_LOOP :
000f14 9701     +SBIW R24 , 1
000f15 f7f1     +BRNE __DELAY_USW_LOOP
                 	__DELAY_USW 0x7D0
000f16 9711      	sbiw r26,1
000f17 f7c9      	brne __delay_ms0
                 __delay_ms1:
000f18 9508      	ret
                 
                 __ANEGW1:
000f19 95f1      	NEG  R31
000f1a 95e1      	NEG  R30
000f1b 40f0      	SBCI R31,0
000f1c 9508      	RET
                 
                 __LSLB12:
000f1d 23ee      	TST  R30
000f1e 2e0e      	MOV  R0,R30
000f1f 2fea      	MOV  R30,R26
000f20 f019      	BREQ __LSLB12R
                 __LSLB12L:
000f21 0fee      	LSL  R30
000f22 940a      	DEC  R0
000f23 f7e9      	BRNE __LSLB12L
                 __LSLB12R:
000f24 9508      	RET
                 
                 __LSRB12:
000f25 23ee      	TST  R30
000f26 2e0e      	MOV  R0,R30
000f27 2fea      	MOV  R30,R26
000f28 f019      	BREQ __LSRB12R
                 __LSRB12L:
000f29 95e6      	LSR  R30
000f2a 940a      	DEC  R0
000f2b f7e9      	BRNE __LSRB12L
                 __LSRB12R:
000f2c 9508      	RET
                 
                 __LNEGW1:
000f2d 2bef      	OR   R30,R31
000f2e e0e1      	LDI  R30,1
000f2f f009      	BREQ __LNEGW1F
000f30 e0e0      	LDI  R30,0
                 __LNEGW1F:
000f31 9508      	RET
                 
                 __MULW12U:
000f32 9ffa      	MUL  R31,R26
000f33 2df0      	MOV  R31,R0
000f34 9feb      	MUL  R30,R27
000f35 0df0      	ADD  R31,R0
000f36 9fea      	MUL  R30,R26
000f37 2de0      	MOV  R30,R0
000f38 0df1      	ADD  R31,R1
000f39 9508      	RET
                 
                 __MULD12U:
000f3a 9f7a      	MUL  R23,R26
000f3b 2d70      	MOV  R23,R0
000f3c 9f6b      	MUL  R22,R27
000f3d 0d70      	ADD  R23,R0
000f3e 9ff8      	MUL  R31,R24
000f3f 0d70      	ADD  R23,R0
000f40 9fe9      	MUL  R30,R25
000f41 0d70      	ADD  R23,R0
000f42 9f6a      	MUL  R22,R26
000f43 2d60      	MOV  R22,R0
000f44 0d71      	ADD  R23,R1
000f45 9ffb      	MUL  R31,R27
000f46 0d60      	ADD  R22,R0
000f47 1d71      	ADC  R23,R1
000f48 9fe8      	MUL  R30,R24
000f49 0d60      	ADD  R22,R0
000f4a 1d71      	ADC  R23,R1
000f4b 2788      	CLR  R24
000f4c 9ffa      	MUL  R31,R26
000f4d 2df0      	MOV  R31,R0
000f4e 0d61      	ADD  R22,R1
000f4f 1f78      	ADC  R23,R24
000f50 9feb      	MUL  R30,R27
000f51 0df0      	ADD  R31,R0
000f52 1d61      	ADC  R22,R1
000f53 1f78      	ADC  R23,R24
000f54 9fea      	MUL  R30,R26
000f55 2de0      	MOV  R30,R0
000f56 0df1      	ADD  R31,R1
000f57 1f68      	ADC  R22,R24
000f58 1f78      	ADC  R23,R24
000f59 9508      	RET
                 
                 __GETW1P:
000f5a 91ed      	LD   R30,X+
000f5b 91fc      	LD   R31,X
000f5c 9711      	SBIW R26,1
000f5d 9508      	RET
                 
                 __EEPROMRDB:
000f5e 99e1      	SBIC EECR,EEWE
000f5f cffe      	RJMP __EEPROMRDB
000f60 93ff      	PUSH R31
000f61 b7ff      	IN   R31,SREG
000f62 94f8      	CLI
000f63 bbae      	OUT  EEARL,R26
000f64 bbbf      	OUT  EEARH,R27
000f65 9ae0      	SBI  EECR,EERE
000f66 b3ed      	IN   R30,EEDR
000f67 bfff      	OUT  SREG,R31
000f68 91ff      	POP  R31
000f69 9508      	RET
                 
                 __EEPROMWRB:
000f6a 9be1      	SBIS EECR,EEWE
000f6b c002      	RJMP __EEPROMWRB1
000f6c 95a8      	WDR
000f6d cffc      	RJMP __EEPROMWRB
                 __EEPROMWRB1:
000f6e b79f      	IN   R25,SREG
000f6f 94f8      	CLI
000f70 bbae      	OUT  EEARL,R26
000f71 bbbf      	OUT  EEARH,R27
000f72 9ae0      	SBI  EECR,EERE
000f73 b38d      	IN   R24,EEDR
000f74 17e8      	CP   R30,R24
000f75 f019      	BREQ __EEPROMWRB0
000f76 bbed      	OUT  EEDR,R30
000f77 9ae2      	SBI  EECR,EEMWE
000f78 9ae1      	SBI  EECR,EEWE
                 __EEPROMWRB0:
000f79 bf9f      	OUT  SREG,R25
000f7a 9508      	RET
                 
                 __CPW02:
000f7b 2400      	CLR  R0
000f7c 160a      	CP   R0,R26
000f7d 060b      	CPC  R0,R27
000f7e 9508      	RET
                 
                 __SAVELOCR6:
000f7f 935a      	ST   -Y,R21
                 __SAVELOCR5:
000f80 934a      	ST   -Y,R20
                 __SAVELOCR4:
000f81 933a      	ST   -Y,R19
                 __SAVELOCR3:
000f82 932a      	ST   -Y,R18
                 __SAVELOCR2:
000f83 931a      	ST   -Y,R17
000f84 930a      	ST   -Y,R16
000f85 9508      	RET
                 
                 __LOADLOCR6:
000f86 815d      	LDD  R21,Y+5
                 __LOADLOCR5:
000f87 814c      	LDD  R20,Y+4
                 __LOADLOCR4:
000f88 813b      	LDD  R19,Y+3
                 __LOADLOCR3:
000f89 812a      	LDD  R18,Y+2
                 __LOADLOCR2:
000f8a 8119      	LDD  R17,Y+1
000f8b 8108      	LD   R16,Y
000f8c 9508      	RET
                 
                 ;END OF CODE MARKER
                 __END_OF_CODE:


RESOURCE USE INFORMATION
------------------------

Notice:
The register and instruction counts are symbol table hit counts,
and hence implicitly used resources are not counted, eg, the
'lpm' instruction without operands implicitly uses r0 and z,
none of which are counted.

x,y,z are separate entities in the symbol table and are
counted separately from r26..r31 here.

.dseg memory usage only counts static data declared with .byte

ATmega32A register use summary:
r0 :  39 r1 :  13 r2 :   0 r3 :   0 r4 :   7 r5 :   3 r6 :   3 r7 :   0 
r8 :   3 r9 :   1 r10:  14 r11:   9 r12:   0 r13:   0 r14:   0 r15:   2 
r16:  61 r17: 114 r18:  42 r19:  51 r20:  26 r21:  41 r22:  20 r23:  18 
r24:  23 r25:  10 r26: 353 r27: 100 r28:  21 r29:   1 r30: 837 r31: 177 
x  :  17 y  : 585 z  :  23 
Registers used: 29 out of 35 (82.9%)

ATmega32A instruction use summary:
.lds  :   0 .lds.l:   0 .sts  :   0 .sts.l:   0 adc   :  19 add   :  35 
adiw  :  27 and   :   9 andi  :  11 asr   :   0 bclr  :   0 bld   :   0 
brbc  :   0 brbs  :   0 brcc  :   0 brcs  :   0 break :   0 breq  :  29 
brge  :   5 brhc  :   0 brhs  :   0 brid  :   0 brie  :   0 brlo  :   9 
brlt  :   5 brmi  :   0 brne  :  94 brpl  :   2 brsh  :  28 brtc  :   0 
brts  :   0 brvc  :   0 brvs  :   0 bset  :   0 bst   :   0 call  : 181 
cbi   :  17 cbr   :   0 clc   :   0 clh   :   0 cli   :   3 cln   :   0 
clr   :  34 cls   :   0 clt   :   0 clv   :   0 clz   :   0 com   :   8 
cp    :  43 cpc   :  28 cpi   :  83 cpse  :   0 dec   :   3 des   :   0 
eor   :   1 fmul  :   0 fmuls :   0 fmulsu:   0 icall :   2 ijmp  :   0 
in    :   9 inc   :   6 jmp   :  44 ld    :  37 ldd   : 293 ldi   : 267 
lds   :  54 lpm   :  27 lsl   :   4 lsr   :  18 mov   : 110 movw  :  36 
mul   :  13 muls  :   0 mulsu :   0 neg   :   2 nop   :   2 or    :   9 
ori   :   4 out   :  54 pop   :  11 push  :  11 rcall :  71 ret   :  60 
reti  :   1 rjmp  : 112 rol   :   2 ror   :   0 sbc   :   3 sbci  :   9 
sbi   :  27 sbic  :   6 sbis  :   5 sbiw  :  30 sbr   :   0 sbrc  :   0 
sbrs  :   2 sec   :   0 seh   :   0 sei   :   1 sen   :   0 ser   :   0 
ses   :   0 set   :   0 sev   :   0 sez   :   0 sleep :   0 spm   :   0 
st    : 200 std   :  76 sts   :  31 sub   :  15 subi  :  37 swap  :   1 
tst   :   4 wdr   :   2 
Instructions used: 64 out of 116 (55.2%)

ATmega32A memory use summary [bytes]:
Segment   Begin    End      Code   Data   Used    Size   Use%
---------------------------------------------------------------
[.cseg] 0x000000 0x001f1a   5368   2594   7962   32768  24.3%
[.dseg] 0x000060 0x000296      0     54     54    2048   2.6%
[.eseg] 0x000000 0x000000      0      0      0    1024   0.0%

Assembly complete, 0 errors, 11 warnings
